case,quantity,burnup_MWd_kgU,dualmesh
27(2a),FGR_percent,25,0.01
27(2b),FGR_percent,25,0.17
27(2a),FGR_percent,50,0.19
27(2b),FGR_percent,50,1.28
27(2a),FGR_percent,75,2.34
27(2b),FGR_percent,75,2.85
27(2a),FGR_percent,100,7.26
27(2b),FGR_percent,100,7.31
27(1),centre_temperature_degC_at_16kW/m,56.94,820.0
27(1),centre_temperature_degC_at_17kW/m,48.55,858.8
27(1),centre_temperature_degC_at_18kW/m,40.52,896.2
27(1),centre_temperature_degC_at_19kW/m,33.35,932.1
27(1),centre_temperature_degC_at_20kW/m,31.74,943.8
27(1),centre_temperature_degC_at_22kW/m,24.83,986.3
27(1),centre_temperature_degC_at_24kW/m,17.79,1034.9
27(1),centre_temperature_degC_at_27kW/m,10.63,1105.4
27(1),centre_temperature_degC_at_30kW/m,6.09,1190.8
27(1),centre_temperature_degC_at_34kW/m,3.26,1326.5
27(1),centre_temperature_degC_at_38kW/m,2.31,1456.5
27(1),centre_temperature_degC_at_43kW/m,1.86,1616.8
