case,location,component,statistic,dualmesh_MPa,closed_form_MPa,participants_low_MPa,participants_high_MPa
1,SiC,tangential,start,125.19,125.19,,
2,IPyC,tangential,start,50.20,50.2,,
3,IPyC,tangential,start,8.78,8.8,,
3,SiC,tangential,start,104.38,104.4,,
3,IPyC/SiC,radial,start,-18.76,-18.8,,
4a,IPyC,tangential,start,8.78,,,
4a,IPyC,tangential,max,928.23,,856.6,961.7
4a,IPyC,tangential,min,8.78,,-0.2,108.4
4a,IPyC,tangential,end,928.23,926.8,922.8,961.7
4a,SiC,tangential,start,104.38,,,
4a,SiC,tangential,max,104.38,,97.4,105.1
4a,SiC,tangential,min,-847.19,,-850.3,-807.1
4a,SiC,tangential,end,-847.19,-845.71,-850.3,-807.1
4a,IPyC/SiC,radial,start,-18.76,,,
4a,IPyC/SiC,radial,end,151.17,,147.3,151.7
4b,IPyC,tangential,start,8.78,,,
4b,IPyC,tangential,max,8.78,,6.8,9.0
4b,IPyC,tangential,min,-25.00,,-25.0,-25.0
4b,IPyC,tangential,end,-25.00,-25.0,-25.0,-25.0
4b,SiC,tangential,start,104.38,,,
4b,SiC,tangential,max,139.34,,129.6,141.9
4b,SiC,tangential,min,104.38,,0.1,140.2
4b,SiC,tangential,end,139.34,139.34,129.6,141.9
4b,IPyC/SiC,radial,start,-18.76,,,
4b,IPyC/SiC,radial,end,-25.00,,-25.0,-24.8
4c,IPyC,tangential,start,8.78,,,
4c,IPyC,tangential,max,26.07,,25.3,26.8
4c,IPyC,tangential,min,8.78,,-0.0,9.0
4c,IPyC,tangential,end,26.07,26.05,24.4,26.8
4c,SiC,tangential,start,104.38,,,
4c,SiC,tangential,max,104.38,,87.4,106.7
4c,SiC,tangential,min,86.50,,0.0,89.5
4c,SiC,tangential,end,86.50,86.5,82.4,91.7
4c,IPyC/SiC,radial,start,-18.76,,,
4c,IPyC/SiC,radial,end,-15.56,,-16.2,-15.5
4d,IPyC,tangential,start,8.78,,,
4d,IPyC,tangential,max,149.11,,146.9,150.3
4d,IPyC,tangential,min,8.78,,-0.2,9.9
4d,IPyC,tangential,end,28.85,,26.2,35.7
4d,SiC,tangential,start,104.38,,,
4d,SiC,tangential,max,104.38,,86.9,106.6
4d,SiC,tangential,min,-41.84,,-51.3,-35.9
4d,SiC,tangential,end,79.42,,71.0,88.0
4d,IPyC/SiC,radial,start,-18.76,,,
4d,IPyC/SiC,radial,end,-14.29,,-15.6,-14.1
5,IPyC,tangential,start,-0.08,,,
5,IPyC,tangential,max,182.34,,178.4,197.8
5,IPyC,tangential,min,-0.08,,-0.6,-0.6
5,IPyC,tangential,end,43.15,,38.0,55.2
5,SiC,tangential,start,-0.46,,,
5,SiC,tangential,max,-0.46,,-31.9,-1.1
5,SiC,tangential,min,-307.89,,-334.4,-278.0
5,SiC,tangential,end,-45.29,,-57.5,-31.9
5,IPyC/SiC,radial,start,-0.02,,,
5,IPyC/SiC,radial,end,-1.29,,,
6,IPyC,tangential,start,-0.09,,,
6,IPyC,tangential,max,167.77,,165.1,168.6
6,IPyC,tangential,min,-0.09,,-0.6,-0.6
6,IPyC,tangential,end,30.33,,27.1,37.9
6,SiC,tangential,start,-0.54,,,
6,SiC,tangential,max,32.13,,27.5,45.6
6,SiC,tangential,min,-288.45,,-316.8,-265.8
6,SiC,tangential,end,32.13,,27.5,45.6
6,IPyC/SiC,radial,start,-0.02,,,
6,IPyC/SiC,radial,end,-14.99,,,
7,IPyC,tangential,start,-0.09,,,
7,IPyC,tangential,max,173.95,,171.3,177.5
7,IPyC,tangential,min,-0.09,,-1.2,-0.5
7,IPyC,tangential,end,39.18,,35.6,50.5
7,SiC,tangential,start,-0.54,,,
7,SiC,tangential,max,9.38,,3.8,23.6
7,SiC,tangential,min,-299.56,,-324.8,-276.6
7,SiC,tangential,end,9.38,,3.8,23.6
7,IPyC/SiC,radial,start,-0.02,,,
7,IPyC/SiC,radial,end,-13.00,,,
8,IPyC,tangential,start,-0.09,,,
8,IPyC,tangential,max,229.66,,216.9,228.7
8,IPyC,tangential,min,-0.09,,-0.7,7.9
8,IPyC,tangential,end,60.67,,50.8,57.2
8,SiC,tangential,start,-0.54,,,
8,SiC,tangential,max,-0.54,,-22.1,54.5
8,SiC,tangential,min,-417.72,,-582.5,-383.4
8,SiC,tangential,end,-125.08,,-138.7,6.3
8,IPyC/SiC,radial,start,-0.02,,,
8,IPyC/SiC,radial,end,11.46,,,
