# IFA-677.1 rods 1 and 5, rod average linear heat rate, digitised from the
# raster Fig. 8(a) of CASL-U-2019-1870-000 Rev. 0.
# Rod 1 is the solid line, rod 5 the dashed line; 0 marks a shutdown.
time_days,rod1_kW_per_m,rod5_kW_per_m
2.567,1.321,1.321
3.423,1.321,1.321
4.279,1.321,0.661
5.135,38.516,37.195
5.991,42.276,38.694
6.846,42.835,40.193
7.702,42.937,41.692
8.558,42.835,43.191
9.414,42.835,44.106
10.270,43.902,44.258
11.125,43.699,44.411
11.981,31.123,30.869
12.837,18.547,17.327
13.693,42.988,42.988
14.549,42.937,42.937
15.404,42.937,42.937
16.260,43.089,43.089
17.116,43.089,43.089
17.972,43.039,43.039
18.828,43.039,43.039
19.683,43.039,43.039
20.539,43.039,43.039
21.395,42.937,42.937
22.251,42.937,42.937
23.107,42.937,42.937
23.962,42.937,42.937
24.818,42.886,42.886
25.674,42.835,42.835
26.530,42.988,42.988
27.386,42.988,42.988
28.241,42.937,42.937
29.097,42.937,42.937
29.953,42.937,42.937
30.809,42.937,42.937
31.665,42.937,42.937
32.520,42.835,42.835
33.376,42.835,42.835
34.232,42.835,42.835
35.088,42.835,42.835
35.944,42.785,42.785
36.799,42.785,42.785
37.655,42.835,42.835
38.511,42.835,42.835
39.367,42.835,42.835
40.223,42.835,42.835
41.078,42.835,42.835
41.934,42.835,42.835
42.790,42.734,42.734
43.646,42.734,42.734
44.501,42.734,42.734
45.357,42.734,42.734
46.213,42.734,42.734
47.069,42.734,42.734
47.925,42.734,42.734
48.780,42.734,42.734
49.636,42.734,42.734
50.492,42.734,42.734
51.348,42.734,42.734
52.204,42.734,42.734
53.059,42.734,42.734
53.915,42.632,42.632
54.771,42.632,42.632
55.627,42.632,42.632
56.483,42.632,42.632
57.338,42.632,42.632
58.194,42.683,42.683
59.050,23.476,22.256
59.906,23.425,22.154
60.762,23.323,22.053
61.617,41.921,28.946
62.473,41.921,35.840
63.329,41.921,42.734
64.185,41.921,42.683
65.041,41.921,42.632
65.896,41.921,42.530
66.752,42.022,42.480
67.608,42.022,42.480
68.464,42.022,42.022
69.320,42.022,42.333
70.175,42.022,42.259
71.031,42.124,42.186
71.887,42.073,42.113
72.743,42.073,42.039
73.599,42.022,41.966
74.454,41.972,41.972
75.310,42.124,41.819
76.166,42.226,41.768
77.022,42.226,41.955
77.878,42.226,42.141
78.733,42.276,42.327
79.589,42.327,42.514
80.445,42.378,42.700
81.301,42.429,42.886
82.157,42.429,42.835
83.012,42.530,42.835
83.868,42.530,42.937
84.724,42.530,42.937
85.580,42.632,42.937
86.436,42.632,42.937
87.291,42.632,42.979
88.147,42.734,43.022
89.003,42.734,43.064
89.859,42.734,43.106
90.715,42.835,43.149
91.570,42.835,43.191
92.426,42.835,43.140
93.282,42.937,43.242
94.138,42.937,43.242
94.994,42.937,42.937
95.849,42.937,41.175
96.705,42.937,40.142
97.561,42.937,39.109
98.417,34.756,38.076
99.273,34.756,37.043
100.128,34.756,36.009
100.984,34.756,34.756
101.840,34.756,33.943
102.696,34.858,34.163
103.552,35.061,34.383
104.407,35.163,34.604
105.263,35.264,34.654
106.119,35.417,34.807
106.975,35.569,34.959
107.831,35.671,34.959
108.686,35.823,35.180
109.542,35.976,35.400
110.398,36.077,35.620
111.254,35.722,36.230
112.110,35.264,35.044
112.965,34.807,33.858
113.821,34.350,32.673
114.677,35.264,33.765
115.533,35.417,34.858
116.389,35.620,35.010
117.244,35.722,35.163
118.100,35.925,35.264
118.956,36.077,35.366
119.812,36.230,35.589
120.668,36.280,35.813
121.523,36.331,36.037
122.379,36.585,36.260
123.235,36.890,36.484
124.091,37.043,37.043
124.947,37.246,36.484
125.802,37.297,36.484
126.658,37.500,36.484
127.514,37.652,36.484
128.370,37.856,36.484
129.226,38.110,36.484
130.081,38.262,38.262
130.937,38.059,36.484
131.793,38.389,36.331
132.649,38.720,36.179
133.504,37.602,36.026
134.360,38.161,38.465
135.216,38.262,38.449
136.072,38.110,38.432
136.928,38.110,38.415
137.783,38.059,38.406
138.639,38.059,38.398
139.495,38.059,38.389
140.351,38.059,38.381
141.207,38.059,38.372
142.062,38.059,38.364
142.918,38.059,38.364
143.774,37.970,37.970
144.630,37.881,37.881
145.486,37.792,37.792
146.341,37.703,37.703
147.197,0.457,0.457
148.053,35.671,35.671
148.909,35.569,35.569
149.765,35.467,35.467
150.620,35.417,35.417
151.476,35.315,35.315
152.332,35.213,35.213
153.188,35.112,35.112
154.044,35.264,35.264
154.899,31.165,31.165
155.755,27.066,27.066
156.611,22.967,21.748
157.467,34.045,33.181
158.323,34.400,30.575
159.178,34.604,27.969
160.034,35.061,25.363
160.890,35.518,22.757
161.746,29.082,20.151
162.602,22.646,17.545
163.457,16.209,14.939
164.313,36.789,17.461
165.169,36.789,19.982
166.025,36.687,22.504
166.881,36.585,25.025
167.736,36.484,27.547
168.592,36.382,30.069
169.448,36.280,32.590
170.304,36.230,35.112
171.160,36.331,36.331
172.015,36.433,36.433
172.871,36.535,36.535
173.727,36.535,36.535
174.583,36.535,36.535
175.439,36.433,36.433
176.294,36.433,36.433
177.150,36.382,36.382
178.006,36.382,36.382
178.862,36.331,36.331
179.718,36.331,36.331
180.573,36.280,36.280
181.429,36.280,36.280
182.285,36.230,36.230
183.141,36.230,36.230
183.997,36.128,36.128
184.852,36.128,36.128
185.708,36.128,36.128
186.564,36.026,36.026
187.420,36.077,36.077
188.276,36.077,36.077
189.131,36.179,36.179
189.987,36.382,34.959
190.843,36.402,34.756
191.699,36.423,34.553
192.555,36.443,34.350
193.410,36.463,34.146
194.266,36.484,33.943
195.122,35.298,33.266
195.978,34.112,32.588
196.834,32.927,31.911
197.689,33.079,30.335
198.545,33.232,30.742
199.401,34.146,33.435
200.257,34.299,31.504
201.113,34.451,31.860
201.968,34.654,35.417
202.824,35.620,32.673
203.680,35.722,33.079
204.536,33.486,36.636
205.392,36.839,33.892
206.247,36.941,34.299
207.103,37.907,34.705
207.959,38.110,35.061
208.815,38.262,35.112
209.671,40.346,36.484
210.526,40.396,37.856
211.382,37.195,40.600
212.238,37.195,39.583
213.094,39.837,38.567
213.950,39.837,38.567
214.805,36.331,33.943
215.661,33.486,36.433
216.517,33.486,36.535
217.373,33.587,36.535
218.228,33.587,36.585
219.084,33.689,36.636
219.940,33.689,36.687
220.796,33.791,36.738
221.652,33.791,36.789
222.507,33.892,36.839
223.363,33.892,36.941
224.219,33.994,36.941
225.075,33.994,37.043
225.931,34.096,37.043
226.786,34.096,37.144
227.642,34.197,37.195
228.498,34.197,37.246
229.354,34.299,37.297
230.210,34.299,37.348
231.065,34.400,37.398
231.921,34.400,37.449
232.777,34.502,37.500
233.633,34.553,37.551
234.489,34.604,37.602
235.344,34.654,37.652
236.200,34.705,37.703
237.056,34.756,37.763
237.912,34.807,37.822
238.768,34.858,37.881
239.623,34.909,37.940
240.479,34.959,38.000
241.335,35.010,38.059
242.191,35.061,38.059
243.047,35.112,38.161
243.902,35.163,38.161
244.758,38.211,37.246
245.614,38.262,37.246
246.470,35.264,36.433
247.326,33.892,36.687
248.181,34.045,36.738
249.037,34.146,36.192
249.893,34.350,35.645
250.749,34.451,35.099
251.605,37.398,34.553
252.460,34.705,37.500
253.316,34.858,37.652
254.172,37.754,37.043
255.028,37.805,36.890
255.884,37.805,36.662
256.739,37.805,36.433
257.595,33.486,36.280
258.451,33.486,36.230
259.307,33.486,36.179
260.163,33.384,36.128
261.018,33.384,36.077
261.874,33.384,36.026
262.730,33.283,35.976
263.586,33.283,35.976
264.442,33.283,35.925
265.297,33.181,35.925
266.153,33.181,35.823
267.009,33.181,35.823
267.865,33.130,35.772
268.721,33.079,19.715
269.576,34.959,13.465
270.432,34.909,7.215
271.288,1.982,0.965
272.144,6.390,1.657
273.000,10.798,2.348
273.855,15.206,3.039
274.711,19.614,3.730
275.567,1.829,4.421
276.423,9.570,10.891
277.279,17.310,17.361
278.134,25.051,23.831
278.990,37.602,36.535
279.846,37.703,36.780
280.702,37.805,37.026
281.558,37.907,37.271
282.413,38.008,37.517
283.269,38.110,37.763
284.125,42.632,38.008
284.981,42.937,37.856
285.837,42.734,37.716
286.692,42.530,37.576
287.548,42.327,37.436
288.404,42.124,37.297
289.260,41.921,37.195
290.116,41.768,37.093
290.971,41.616,36.992
291.827,41.413,36.941
292.683,41.209,36.789
293.539,41.006,36.636
294.395,40.803,36.484
295.250,40.600,36.331
296.106,40.447,36.280
296.962,40.295,36.128
297.818,40.091,35.976
298.674,39.888,35.925
299.529,39.685,18.166
300.385,39.482,0.407
301.241,39.329,17.861
302.097,39.177,35.315
302.953,38.974,35.264
303.808,38.770,35.163
304.664,38.567,35.061
305.520,38.364,34.909
306.376,38.161,34.756
307.231,38.110,34.604
308.087,38.262,34.451
308.943,38.465,34.299
309.799,38.669,34.248
310.655,38.872,34.146
311.510,39.075,34.045
312.366,39.522,34.634
313.222,39.970,35.224
314.078,40.417,35.813
314.934,40.864,36.402
315.789,41.311,36.992
316.645,41.311,37.195
317.501,41.311,37.144
318.357,41.311,37.144
319.213,41.311,37.144
320.068,41.311,37.144
320.924,41.311,37.195
321.780,41.362,37.212
322.636,41.362,37.229
323.492,41.413,37.246
324.347,41.413,37.263
325.203,41.413,37.280
326.059,41.413,37.297
326.915,41.413,37.348
327.771,41.413,37.348
328.626,41.413,37.348
329.482,41.362,37.348
330.338,41.260,37.271
331.194,41.159,37.195
332.050,41.057,37.119
332.905,40.955,37.043
333.761,40.904,36.966
334.617,40.904,36.890
335.473,40.904,36.814
336.329,40.803,36.738
337.184,40.803,36.738
338.040,40.803,36.738
338.896,40.752,36.738
339.752,40.701,36.738
340.608,40.701,36.738
341.463,40.701,19.360
342.319,40.600,1.982
343.175,40.600,40.600
344.031,40.600,40.600
344.887,40.600,40.600
345.742,40.600,5.733
346.598,37.856,6.670
347.454,37.856,7.608
348.310,37.856,8.546
349.166,34.722,34.722
350.021,31.589,31.589
350.877,28.455,28.455
351.733,13.516,12.297
352.589,26.270,25.152
353.445,32.673,29.980
354.300,30.030,33.486
355.156,30.285,31.250
356.012,31.301,35.163
356.868,32.520,36.026
357.724,32.571,36.484
358.579,36.839,33.791
359.435,34.858,36.839
360.291,35.938,36.395
361.147,37.017,35.950
362.003,38.097,35.506
362.858,39.177,35.061
363.714,39.177,35.213
364.570,39.177,35.366
365.426,39.278,35.417
366.282,39.278,35.654
367.137,39.278,35.891
367.993,39.278,36.128
368.849,39.380,36.179
369.705,39.380,36.331
370.561,39.380,36.484
371.416,39.431,36.535
372.272,38.201,35.640
373.128,36.972,34.746
373.984,35.742,33.852
374.840,34.512,32.957
375.695,33.283,32.063
376.551,37.551,34.299
377.407,37.500,34.299
378.263,37.449,34.299
379.119,37.348,34.248
379.974,35.213,32.470
380.830,33.079,30.691
381.686,30.945,28.913
382.542,28.811,27.134
383.398,26.677,25.356
384.253,37.093,34.045
385.109,36.992,33.994
385.965,36.890,33.854
386.821,36.789,33.714
387.677,36.636,33.575
388.532,36.535,33.435
389.388,36.433,33.435
390.244,36.280,33.333
391.100,36.179,33.232
391.955,36.077,33.130
392.811,35.976,33.079
393.667,35.874,32.940
394.523,35.772,32.800
395.379,35.671,32.660
396.234,35.569,32.520
397.090,35.467,32.520
397.946,23.797,28.722
398.802,12.127,24.924
399.658,0.457,21.126
400.513,28.506,17.327
401.369,22.358,21.138
402.225,27.439,26.220
403.081,32.165,29.980
403.937,30.132,32.876
404.792,27.210,27.947
405.648,24.289,23.018
406.504,27.388,26.084
407.360,30.488,29.150
408.216,33.587,32.215
409.071,33.994,30.996
409.927,33.981,30.856
410.783,33.968,30.716
411.639,33.956,30.577
412.495,33.943,30.437
413.350,33.841,30.539
414.206,33.740,30.539
415.062,33.587,30.496
415.918,33.435,30.454
416.774,33.333,30.412
417.629,33.232,30.369
418.485,33.079,30.327
419.341,32.927,30.285
420.197,32.825,30.335
421.053,32.724,30.335
421.908,32.571,30.234
422.764,32.419,30.234
423.620,32.317,30.234
424.476,32.002,30.762
425.332,31.687,31.291
426.187,31.372,31.819
427.043,31.057,32.348
427.899,30.742,32.876
428.755,33.943,32.215
429.611,33.841,32.063
430.466,33.791,31.631
431.322,33.689,31.199
432.178,33.638,31.047
433.034,33.587,30.894
433.890,33.486,30.462
434.745,33.435,30.030
435.601,33.333,29.929
436.457,33.283,29.726
437.313,33.181,29.624
438.169,33.130,28.913
439.024,33.028,28.811
439.880,32.978,28.608
440.736,32.876,28.455
441.592,31.504,28.896
442.448,30.132,29.336
443.303,28.760,29.776
444.159,28.760,30.030
445.015,30.864,32.480
445.871,32.967,34.929
446.727,35.071,37.378
447.582,37.175,39.827
448.438,39.278,42.276
449.294,39.533,42.785
450.150,40.888,41.904
451.006,42.243,41.023
451.861,43.598,40.142
452.717,43.496,40.041
453.573,43.394,39.939
454.429,43.293,39.888
455.285,43.191,39.748
456.140,42.988,39.609
456.996,42.886,39.469
457.852,42.785,39.329
458.708,42.683,39.329
459.564,42.581,39.228
460.419,42.480,39.126
461.275,42.378,39.024
462.131,42.416,39.075
462.987,42.454,39.126
463.843,42.492,39.177
464.698,42.530,39.228
465.554,42.429,39.126
466.410,42.276,39.024
467.266,42.175,39.024
468.122,42.022,38.872
468.977,41.870,38.720
469.833,41.768,38.567
470.689,41.616,38.415
471.545,41.463,38.313
472.401,41.311,38.211
473.256,41.159,38.110
474.112,41.057,38.059
474.968,40.904,37.919
475.824,40.752,37.779
476.680,40.650,37.640
477.535,40.498,37.500
478.391,33.679,31.026
479.247,26.860,24.553
480.103,20.041,18.079
480.958,13.222,11.606
481.814,6.402,5.132
482.670,17.886,16.565
483.526,23.120,19.036
484.382,28.354,21.507
485.237,33.587,23.977
486.093,38.821,26.448
486.949,38.923,28.919
487.805,39.024,31.390
488.661,39.075,33.861
489.516,39.177,36.331
490.372,39.278,36.433
491.228,39.329,36.535
492.084,39.431,36.636
492.940,39.533,36.687
493.795,39.634,36.799
494.651,39.736,36.911
495.507,39.837,37.022
496.363,39.888,37.134
497.219,39.990,37.246
498.074,40.091,37.297
498.930,40.142,37.398
499.786,40.244,37.500
500.642,40.346,37.551
501.498,40.447,37.663
502.353,40.549,37.774
503.209,40.650,37.886
504.065,40.752,37.998
504.921,40.803,38.110
505.777,15.295,13.974
506.632,15.269,17.785
507.488,15.244,21.596
508.344,0.000,0.000
509.200,0.000,0.000
510.056,0.000,0.000
510.911,0.000,0.000
511.767,0.000,0.000
512.623,0.000,0.000
513.479,0.000,0.000
514.335,0.000,0.000
515.190,0.000,0.000
516.046,0.000,0.000
516.902,0.000,0.000
517.758,0.000,0.000
