# IFA-677.1 rods 1 and 5, fission gas release (%) against the rod average
# burnup (MWd/kgU), digitised from the raster Figs. 10 and 13 of
# CASL-U-2019-1870-000 Rev. 0.  Series
# 'puncture' is the release measured by puncturing rod 5.
rod,series,burnup_MWd_per_kgU,fgr_percent
1,measured,4.1837,0.152
1,measured,4.2347,0.152
1,measured,4.2857,0.178
1,measured,4.3367,0.178
1,measured,4.3878,0.203
1,measured,4.4388,0.229
1,measured,4.4898,0.229
1,measured,4.5408,0.229
1,measured,4.5918,0.254
1,measured,4.6429,0.254
1,measured,4.6939,0.254
1,measured,4.7449,0.254
1,measured,4.7959,0.254
1,measured,4.8469,0.254
1,measured,4.8980,0.254
1,measured,4.9490,0.279
1,measured,5.0000,0.356
1,measured,5.0510,0.381
1,measured,5.1020,0.432
1,measured,5.1531,0.483
1,measured,5.2041,0.559
1,measured,5.2551,0.610
1,measured,5.3061,0.711
1,measured,5.3571,0.762
1,measured,5.4082,0.838
1,measured,5.4592,0.889
1,measured,5.5102,0.889
1,measured,5.5612,0.940
1,measured,5.6122,0.940
1,measured,5.6633,0.965
1,measured,5.7143,0.991
1,measured,5.7653,1.016
1,measured,5.8163,1.042
1,measured,5.8673,1.042
1,measured,5.9184,1.092
1,measured,5.9694,1.143
1,measured,6.0204,1.143
1,measured,6.0714,1.194
1,measured,6.1224,1.245
1,measured,6.1735,1.296
1,measured,6.2245,1.296
1,measured,6.2755,1.296
1,measured,6.3265,1.296
1,measured,6.3776,1.296
1,measured,6.4286,1.296
1,measured,6.4796,1.296
1,measured,6.5306,1.220
1,measured,6.5816,1.067
1,measured,6.6327,0.991
1,measured,6.6837,0.965
1,measured,6.7347,0.965
1,measured,6.7857,0.965
1,measured,6.8367,0.965
1,measured,6.8878,0.965
1,measured,6.9388,0.965
1,measured,6.9898,0.965
1,measured,7.0408,0.965
1,measured,7.0918,0.965
1,measured,7.1429,0.965
1,measured,7.1939,0.965
1,measured,7.2449,0.965
1,measured,7.2959,0.965
1,measured,7.3469,0.965
1,measured,7.3980,0.965
1,measured,7.4490,0.965
1,measured,7.5000,0.965
1,measured,7.5510,0.965
1,measured,7.6020,0.965
1,measured,7.6531,0.965
1,measured,7.7041,0.965
1,measured,7.7551,0.965
1,measured,7.8061,0.965
1,measured,7.8571,0.965
1,measured,7.9082,0.965
1,measured,7.9592,0.965
1,measured,8.0102,0.965
1,measured,8.0612,0.965
1,measured,8.1122,0.965
1,measured,8.1633,0.965
1,measured,8.2143,0.991
1,measured,8.2653,0.991
1,measured,8.3163,1.042
1,measured,8.3673,1.118
1,measured,8.4184,1.169
1,measured,8.4694,1.270
1,measured,8.5204,1.296
1,measured,8.5714,1.296
1,measured,8.6224,1.296
1,measured,8.6735,1.296
1,measured,8.7245,1.296
1,measured,8.7755,1.296
1,measured,8.8265,1.296
1,measured,8.8776,1.296
1,measured,8.9286,1.296
1,measured,8.9796,1.296
1,measured,9.0306,1.296
1,measured,9.0816,1.296
1,measured,9.1327,1.296
1,measured,9.1837,1.296
1,measured,9.2347,1.296
1,measured,9.2857,1.296
1,measured,9.3367,1.296
1,measured,9.3878,1.296
1,measured,9.4388,1.296
1,measured,9.4898,1.296
1,measured,9.5408,1.296
1,measured,9.5918,1.296
1,measured,9.6429,1.296
1,measured,9.6939,1.296
1,measured,9.7449,1.296
1,measured,9.7959,1.296
1,measured,9.8469,1.296
1,measured,9.8980,1.296
1,measured,9.9490,1.296
1,measured,10.0000,1.296
1,measured,10.0510,1.296
1,measured,10.1020,1.296
1,measured,10.1531,1.296
1,measured,10.2041,1.296
1,measured,10.2551,1.296
1,measured,10.3061,1.296
1,measured,10.3571,1.296
1,measured,10.4082,1.296
1,measured,10.4592,1.296
1,measured,10.5102,1.296
1,measured,10.5612,1.296
1,measured,10.6122,1.296
1,measured,10.6633,1.296
1,measured,10.7143,1.296
1,measured,10.7653,1.296
1,measured,10.8163,1.296
1,measured,10.8673,1.296
1,measured,10.9184,1.321
1,measured,10.9694,1.347
1,measured,11.0204,1.397
1,measured,11.0714,1.397
1,measured,11.1224,1.448
1,measured,11.1735,1.499
1,measured,11.2245,1.499
1,measured,11.2755,1.550
1,measured,11.3265,1.601
1,measured,11.3776,1.651
1,measured,11.4286,1.651
1,measured,11.4796,1.702
1,measured,11.5306,1.753
1,measured,11.5816,1.753
1,measured,11.6327,1.753
1,measured,11.6837,1.753
1,measured,11.7347,1.728
1,measured,11.7857,1.728
1,measured,11.8367,1.702
1,measured,11.8878,1.702
1,measured,11.9388,1.677
1,measured,11.9898,1.651
1,measured,12.0408,1.651
1,measured,12.0918,1.626
1,measured,12.1429,1.601
1,measured,12.1939,1.601
1,measured,12.2449,1.550
1,measured,12.2959,1.550
1,measured,12.3469,1.550
1,measured,12.3980,1.601
1,measured,12.4490,1.601
1,measured,12.5000,1.626
1,measured,12.5510,1.651
1,measured,12.6020,1.702
1,measured,12.6531,1.702
1,measured,12.7041,1.753
1,measured,12.7551,1.804
1,measured,12.8061,1.829
1,measured,12.8571,1.855
1,measured,12.9082,1.905
1,measured,12.9592,1.905
1,measured,13.0102,1.956
1,measured,13.0612,1.956
1,measured,13.1122,1.982
1,measured,13.1633,2.007
1,measured,13.2143,2.007
1,measured,13.2653,2.033
1,measured,13.3163,2.058
1,measured,13.3673,2.058
1,measured,13.4184,2.058
1,measured,13.4694,2.083
1,measured,13.5204,2.109
1,measured,13.5714,2.109
1,measured,13.6224,2.109
1,measured,13.6735,2.134
1,measured,13.7245,2.134
1,measured,13.7755,2.134
1,measured,13.8265,2.134
1,measured,13.8776,2.134
1,measured,13.9286,2.134
1,measured,13.9796,2.134
1,measured,14.0306,2.134
1,measured,14.0816,2.134
1,measured,14.1327,2.160
1,measured,14.1837,2.185
1,measured,14.2347,2.210
1,measured,14.2857,2.261
1,measured,14.3367,2.261
1,measured,14.3878,2.312
1,measured,14.4388,2.363
1,measured,14.4898,2.363
1,measured,14.5408,2.414
1,measured,14.5918,2.414
1,measured,14.6429,2.464
1,measured,14.6939,2.464
1,measured,14.7449,2.515
1,measured,14.7959,2.541
1,measured,14.8469,2.566
1,measured,14.8980,2.591
1,measured,14.9490,2.617
1,measured,15.0000,2.617
1,measured,15.0510,2.668
1,measured,15.1020,2.668
1,measured,15.1531,2.693
1,measured,15.2041,2.718
1,measured,15.2551,2.718
1,measured,15.3061,2.744
1,measured,15.3571,2.820
1,measured,15.4082,2.871
1,measured,15.4592,2.922
1,measured,15.5102,2.947
1,measured,15.5612,2.973
1,measured,15.6122,3.023
1,measured,15.6633,3.074
1,measured,15.7143,3.100
1,measured,15.8673,3.303
1,measured,15.9184,3.277
1,measured,15.9694,3.328
1,measured,16.2755,3.404
1,measured,16.3776,3.506
1,measured,16.4286,3.557
1,measured,16.4796,3.608
1,measured,16.5306,3.608
1,measured,16.5816,3.532
1,measured,16.6327,3.481
1,measured,16.6837,3.430
1,measured,16.7347,3.379
1,measured,16.7857,3.354
1,measured,16.8367,3.481
1,measured,16.8878,3.760
1,measured,16.9388,4.116
1,measured,16.9898,4.472
1,measured,17.0408,4.776
1,measured,17.0918,5.310
1,measured,17.1429,5.513
1,measured,17.1939,5.818
1,measured,17.2449,6.072
1,measured,17.2959,6.326
1,measured,17.3469,6.580
1,measured,17.3980,6.809
1,measured,17.4490,7.063
1,measured,17.5000,7.266
1,measured,17.5510,7.520
1,measured,17.6020,7.724
1,measured,17.6531,7.952
1,measured,17.7041,8.130
1,measured,17.7551,8.283
1,measured,17.8061,8.410
1,measured,17.8571,8.537
1,measured,17.9082,8.664
1,measured,17.9592,8.816
1,measured,18.0102,8.918
1,measured,18.0612,9.070
1,measured,18.1122,9.172
1,measured,18.1633,9.299
1,measured,18.2143,9.426
1,measured,18.2653,9.527
1,measured,18.3163,9.629
1,measured,18.3673,9.756
1,measured,18.4184,9.883
1,measured,18.4694,9.985
1,measured,18.5204,10.137
1,measured,18.5714,10.264
1,measured,18.6224,10.417
1,measured,18.6735,10.518
1,measured,18.7245,10.544
1,measured,18.7755,10.595
1,measured,18.8265,10.595
1,measured,18.8776,10.645
1,measured,18.9286,10.747
1,measured,18.9796,10.899
1,measured,19.0306,11.077
1,measured,19.0816,11.204
1,measured,19.1327,11.331
1,measured,19.1837,11.382
1,measured,19.2347,11.484
1,measured,19.2857,11.585
1,measured,19.3367,11.636
1,measured,19.3878,11.738
1,measured,19.4388,11.814
1,measured,19.4898,11.941
1,measured,19.5408,12.068
1,measured,19.5918,12.195
1,measured,19.6429,12.322
1,measured,19.6939,12.449
1,measured,19.7449,12.602
1,measured,19.7959,12.754
1,measured,19.8469,12.881
1,measured,19.8980,13.034
1,measured,19.9490,13.211
1,measured,20.0000,13.389
1,measured,20.0510,13.567
1,measured,20.1020,13.745
1,measured,20.1531,13.872
1,measured,20.2041,13.923
1,measured,20.2551,13.948
1,measured,20.3061,13.948
1,measured,20.3571,13.974
1,measured,20.4082,13.999
1,measured,20.4592,13.999
1,measured,20.5102,14.075
1,measured,20.5612,14.151
1,measured,20.6122,14.278
1,measured,20.6633,14.405
1,measured,20.7143,14.507
1,measured,20.7653,14.660
1,measured,20.8163,14.914
1,measured,20.8673,15.193
1,measured,20.9184,15.396
1,measured,20.9694,15.447
1,measured,21.0204,15.473
1,measured,21.0714,15.473
1,measured,21.1224,15.498
1,measured,21.1735,15.523
1,measured,21.2245,15.523
1,measured,21.2755,15.549
1,measured,21.3265,15.549
1,measured,21.3776,15.549
1,measured,21.4286,15.549
1,measured,21.4796,15.549
1,measured,21.5306,15.549
1,measured,21.5816,15.523
1,measured,21.6327,15.523
1,measured,21.6837,15.473
1,measured,21.7347,15.473
1,measured,21.7857,15.447
1,measured,21.8367,15.422
1,measured,21.8878,15.422
1,measured,21.9388,15.422
1,measured,21.9898,15.422
1,measured,22.0408,15.422
1,measured,22.0918,15.422
1,measured,22.1429,15.422
1,measured,22.1939,15.422
1,measured,22.2449,15.422
1,measured,22.2959,15.498
1,measured,22.3469,15.650
1,measured,22.3980,15.803
1,measured,22.4490,15.879
1,measured,22.5000,15.879
1,measured,22.5510,15.879
1,measured,22.6020,15.879
1,measured,22.6531,15.879
1,measured,22.7041,15.879
1,measured,22.7551,15.879
1,measured,22.8061,15.879
1,measured,22.8571,15.879
1,measured,22.9082,15.879
1,measured,22.9592,15.879
1,measured,23.0102,15.879
1,measured,23.0612,15.879
1,measured,23.1122,15.854
1,measured,23.1633,15.828
1,measured,23.2143,15.803
1,measured,23.2653,15.777
1,measured,23.3163,15.777
1,measured,23.3673,15.727
1,measured,23.4184,15.727
1,measured,23.4694,15.676
1,measured,23.5204,15.676
1,measured,23.5714,15.625
1,measured,23.6224,15.625
1,measured,23.6735,15.574
1,measured,23.7245,15.574
1,measured,23.7755,15.625
1,measured,23.8265,15.727
1,measured,23.8776,15.828
1,measured,23.9286,15.879
1,measured,23.9796,15.879
1,measured,24.0306,15.879
1,measured,24.0816,15.854
1,measured,24.1327,15.854
1,measured,24.1837,15.828
1,measured,24.2347,15.828
1,measured,24.2857,15.828
1,measured,24.3367,15.803
1,measured,24.3878,15.803
1,measured,24.4388,15.803
1,measured,24.4898,15.777
1,measured,24.5408,15.777
1,measured,24.5918,15.777
1,measured,24.6429,15.752
1,measured,24.6939,15.727
1,measured,24.7449,15.727
1,measured,24.7959,15.727
1,measured,24.8469,15.701
1,measured,24.8980,15.701
1,measured,24.9490,15.676
1,measured,25.0000,15.676
1,measured,25.0510,15.650
1,measured,25.1020,15.625
1,measured,25.1531,15.574
1,measured,25.2041,15.574
1,measured,25.2551,15.523
1,measured,25.3061,15.473
1,measured,25.3571,15.422
1,measured,25.4082,15.422
1,measured,25.4592,15.422
1,measured,25.5102,15.422
1,measured,25.5612,15.422
1,measured,25.6122,15.422
1,measured,25.6633,15.422
1,measured,25.7143,15.422
1,measured,25.7653,15.422
1,measured,25.8163,15.422
1,measured,25.8673,15.422
1,measured,25.9184,15.422
1,measured,25.9694,15.422
1,measured,26.0204,15.422
1,measured,26.0714,15.422
1,measured,26.1224,15.422
1,measured,26.1735,15.422
1,measured,26.2245,15.422
1,measured,26.2755,15.498
1,measured,26.3265,15.650
1,measured,26.3776,15.904
1,measured,26.4286,16.108
1,measured,26.4796,16.387
1,measured,26.5306,16.768
1,measured,26.5816,17.276
1,measured,26.6327,17.632
1,measured,26.6837,17.937
1,measured,26.7347,18.089
1,measured,26.7857,18.242
1,measured,26.8367,18.394
1,measured,26.8878,18.521
1,measured,26.9388,18.648
1,measured,26.9898,18.801
1,measured,27.0408,18.953
1,measured,27.0918,19.157
1,measured,27.1429,19.411
1,measured,27.1939,19.665
1,measured,27.2449,19.817
1,measured,27.2959,19.919
1,measured,27.3469,20.020
1,measured,27.3980,20.071
1,measured,27.4490,20.173
1,measured,27.5000,20.274
1,measured,27.5510,20.351
1,measured,27.6020,20.427
1,measured,27.6531,20.528
1,measured,27.7041,20.630
1,measured,27.7551,20.706
1,measured,27.8061,20.783
1,measured,27.8571,20.884
1,measured,27.9082,20.986
1,measured,27.9592,21.037
1,measured,28.0102,21.113
1,measured,28.0612,21.164
1,measured,28.1122,21.214
1,measured,28.1633,21.291
1,measured,28.2143,21.392
1,measured,28.2653,21.519
1,measured,28.3163,21.621
1,measured,28.3673,21.621
1,measured,28.4184,21.646
1,measured,28.4694,21.672
1,measured,28.5204,21.672
1,measured,28.5714,21.697
1,measured,28.6224,21.723
1,measured,28.6735,21.723
1,measured,28.7245,21.723
1,measured,28.7755,21.723
1,measured,28.8265,21.723
1,measured,28.8776,21.723
1,measured,28.9286,21.723
1,measured,28.9796,21.723
1,measured,29.0306,21.723
1,measured,29.0816,21.723
1,measured,29.1327,21.723
1,measured,29.1837,21.773
1,measured,29.2347,21.773
1,measured,29.2857,21.799
1,measured,29.3367,21.824
1,measured,29.3878,21.850
1,measured,29.4388,21.875
1,measured,29.4898,21.900
1,measured,29.5408,21.926
1,measured,29.5918,21.951
1,measured,29.6429,21.977
1,measured,29.6939,22.002
1,measured,29.7449,22.027
1,measured,29.7959,22.053
1,measured,29.8469,22.078
1,BISON,0.7143,0.152
1,BISON,0.7653,0.152
1,BISON,0.8163,0.152
1,BISON,0.8673,0.152
1,BISON,0.9184,0.152
1,BISON,0.9694,0.178
1,BISON,1.0204,0.229
1,BISON,1.0714,0.229
1,BISON,1.1224,0.279
1,BISON,1.1735,0.330
1,BISON,1.2245,0.330
1,BISON,1.2755,0.381
1,BISON,1.3265,0.432
1,BISON,1.3776,0.432
1,BISON,1.4286,0.508
1,BISON,1.4796,0.559
1,BISON,1.5306,0.610
1,BISON,1.5816,0.661
1,BISON,1.6327,0.737
1,BISON,1.6837,0.788
1,BISON,1.7347,0.838
1,BISON,1.7857,0.889
1,BISON,1.8367,0.940
1,BISON,1.8878,0.991
1,BISON,1.9388,0.991
1,BISON,1.9898,1.042
1,BISON,2.0408,1.092
1,BISON,2.0918,1.143
1,BISON,2.1429,1.143
1,BISON,2.1939,1.194
1,BISON,2.2449,1.220
1,BISON,2.2959,1.245
1,BISON,2.3469,1.245
1,BISON,2.3980,1.270
1,BISON,2.4490,1.296
1,BISON,2.5000,1.296
1,BISON,2.5510,1.321
1,BISON,2.6020,1.347
1,BISON,2.6531,1.347
1,BISON,2.7041,1.347
1,BISON,2.7551,1.372
1,BISON,2.8061,1.397
1,BISON,2.8571,1.397
1,BISON,2.9082,1.397
1,BISON,2.9592,1.423
1,BISON,3.0102,1.448
1,BISON,3.0612,1.448
1,BISON,3.1122,1.448
1,BISON,3.1633,1.474
1,BISON,3.2143,1.499
1,BISON,3.2653,1.499
1,BISON,3.3163,1.499
1,BISON,3.3673,1.524
1,BISON,3.4184,1.524
1,BISON,3.4694,1.550
1,BISON,3.5204,1.550
1,BISON,3.5714,1.550
1,BISON,3.6224,1.575
1,BISON,3.6735,1.575
1,BISON,3.7245,1.601
1,BISON,3.7755,1.601
1,BISON,3.8265,1.601
1,BISON,3.8776,1.651
1,BISON,3.9286,1.677
1,BISON,3.9796,1.702
1,BISON,4.0306,1.728
1,BISON,4.0816,1.702
1,BISON,4.1327,1.702
1,BISON,4.1837,1.702
1,BISON,4.2347,1.702
1,BISON,4.2857,1.702
1,BISON,4.3367,1.702
1,BISON,4.3878,1.677
1,BISON,4.4388,1.677
1,BISON,4.4898,1.702
1,BISON,4.5408,1.702
1,BISON,4.5918,1.702
1,BISON,4.6429,1.702
1,BISON,4.6939,1.702
1,BISON,4.7449,1.702
1,BISON,4.7959,1.702
1,BISON,4.8469,1.728
1,BISON,4.8980,1.728
1,BISON,4.9490,1.728
1,BISON,5.0000,1.728
1,BISON,5.0510,1.753
1,BISON,5.1020,1.753
1,BISON,5.1531,1.753
1,BISON,5.2041,1.753
1,BISON,5.2551,1.829
1,BISON,5.3061,1.855
1,BISON,5.3571,1.905
1,BISON,5.4082,1.905
1,BISON,5.4592,1.905
1,BISON,5.5102,1.905
1,BISON,5.5612,1.905
1,BISON,5.6122,1.905
1,BISON,5.6633,1.905
1,BISON,5.7143,1.931
1,BISON,5.7653,1.956
1,BISON,5.8163,1.956
1,BISON,5.8673,1.956
1,BISON,5.9184,1.982
1,BISON,5.9694,2.007
1,BISON,6.0204,2.007
1,BISON,6.0714,2.033
1,BISON,6.1224,2.058
1,BISON,6.1735,2.058
1,BISON,6.2245,2.058
1,BISON,6.2755,2.058
1,BISON,6.3265,2.083
1,BISON,6.3776,2.210
1,BISON,6.4286,2.312
1,BISON,6.4796,2.490
1,BISON,6.5306,2.566
1,BISON,6.5816,2.541
1,BISON,6.6327,2.515
1,BISON,6.6837,2.515
1,BISON,6.7347,2.490
1,BISON,6.7857,2.464
1,BISON,6.8367,2.464
1,BISON,6.8878,2.439
1,BISON,6.9388,2.414
1,BISON,6.9898,2.414
1,BISON,7.0408,2.388
1,BISON,7.0918,2.363
1,BISON,7.1429,2.363
1,BISON,7.1939,2.363
1,BISON,7.2449,2.388
1,BISON,7.2959,2.363
1,BISON,7.3469,2.363
1,BISON,7.3980,2.363
1,BISON,7.4490,2.337
1,BISON,7.5000,2.312
1,BISON,7.5510,2.312
1,BISON,7.6020,2.287
1,BISON,7.6531,2.261
1,BISON,7.7041,2.261
1,BISON,7.7551,2.261
1,BISON,7.8061,2.236
1,BISON,7.8571,2.210
1,BISON,7.9082,2.210
1,BISON,7.9592,2.185
1,BISON,8.0102,2.185
1,BISON,8.0612,2.160
1,BISON,8.1122,2.160
1,BISON,8.1633,2.134
1,BISON,8.2143,2.134
1,BISON,8.2653,2.109
1,BISON,8.3163,2.109
1,BISON,8.3673,2.109
1,BISON,8.4184,2.160
1,BISON,8.4694,2.210
1,BISON,8.5204,2.210
1,BISON,8.5714,2.210
1,BISON,8.6224,2.185
1,BISON,8.6735,2.185
1,BISON,8.7245,2.160
1,BISON,8.7755,2.160
1,BISON,8.8265,2.134
1,BISON,8.8776,2.134
1,BISON,8.9286,2.109
1,BISON,8.9796,2.109
1,BISON,9.0306,2.109
1,BISON,9.0816,2.083
1,BISON,9.1327,2.160
1,BISON,9.1837,2.185
1,BISON,9.2347,2.363
1,BISON,9.2857,2.363
1,BISON,9.3367,2.414
1,BISON,9.3878,2.414
1,BISON,9.4388,2.388
1,BISON,9.4898,2.363
1,BISON,9.5408,2.363
1,BISON,9.5918,2.363
1,BISON,9.6429,2.337
1,BISON,9.6939,2.363
1,BISON,9.7449,2.388
1,BISON,9.7959,2.414
1,BISON,9.8469,2.414
1,BISON,9.8980,2.414
1,BISON,9.9490,2.388
1,BISON,10.0000,2.388
1,BISON,10.0510,2.363
1,BISON,10.1020,2.388
1,BISON,10.1531,2.414
1,BISON,10.2041,2.464
1,BISON,10.2551,2.464
1,BISON,10.3061,2.464
1,BISON,10.3571,2.464
1,BISON,10.4082,2.439
1,BISON,10.4592,2.439
1,BISON,10.5102,2.414
1,BISON,10.5612,2.414
1,BISON,10.6122,2.414
1,BISON,10.6633,2.464
1,BISON,10.7143,2.515
1,BISON,10.7653,2.515
1,BISON,10.8163,2.515
1,BISON,10.8673,2.490
1,BISON,10.9184,2.490
1,BISON,10.9694,2.464
1,BISON,11.0204,2.464
1,BISON,11.0714,2.464
1,BISON,11.1224,2.464
1,BISON,11.1735,2.439
1,BISON,11.2245,2.439
1,BISON,11.2755,2.414
1,BISON,11.3265,2.414
1,BISON,11.3776,2.414
1,BISON,11.4286,2.388
1,BISON,11.4796,2.388
1,BISON,11.5306,2.388
1,BISON,11.5816,2.363
1,BISON,11.6327,2.363
1,BISON,11.6837,2.363
1,BISON,11.7347,2.337
1,BISON,11.7857,2.363
1,BISON,11.8367,2.439
1,BISON,11.8878,2.591
1,BISON,11.9388,2.693
1,BISON,11.9898,2.769
1,BISON,12.0408,2.820
1,BISON,12.0918,2.820
1,BISON,12.1429,2.820
1,BISON,12.1939,2.795
1,BISON,12.2449,2.795
1,BISON,12.2959,2.769
1,BISON,12.3469,2.769
1,BISON,12.3980,2.769
1,BISON,12.4490,2.744
1,BISON,12.5000,2.744
1,BISON,12.5510,2.718
1,BISON,12.6020,2.718
1,BISON,12.6531,2.693
1,BISON,12.7041,2.718
1,BISON,12.7551,2.769
1,BISON,12.8061,2.820
1,BISON,12.8571,2.820
1,BISON,12.9082,2.820
1,BISON,12.9592,2.922
1,BISON,13.0102,3.023
1,BISON,13.0612,3.023
1,BISON,13.1122,3.023
1,BISON,13.1633,3.023
1,BISON,13.2143,2.998
1,BISON,13.2653,2.998
1,BISON,13.3163,2.973
1,BISON,13.3673,2.973
1,BISON,13.4184,2.947
1,BISON,13.4694,2.947
1,BISON,13.5204,2.922
1,BISON,13.5714,2.922
1,BISON,13.6224,2.922
1,BISON,13.6735,2.896
1,BISON,13.7245,2.896
1,BISON,13.7755,2.871
1,BISON,13.8265,2.871
1,BISON,13.8776,2.871
1,BISON,13.9286,2.846
1,BISON,13.9796,2.846
1,BISON,14.0306,2.820
1,BISON,14.0816,2.820
1,BISON,14.1327,2.820
1,BISON,14.1837,2.795
1,BISON,14.2347,2.795
1,BISON,14.2857,2.769
1,BISON,14.3367,2.769
1,BISON,14.3878,2.769
1,BISON,14.4388,2.769
1,BISON,14.4898,2.744
1,BISON,14.5408,2.744
1,BISON,14.5918,2.718
1,BISON,14.6429,2.718
1,BISON,14.6939,2.718
1,BISON,14.7449,2.820
1,BISON,14.7959,2.896
1,BISON,14.8469,2.896
1,BISON,14.8980,2.896
1,BISON,14.9490,2.871
1,BISON,15.0000,2.871
1,BISON,15.0510,2.871
1,BISON,15.1020,2.846
1,BISON,15.1531,2.846
1,BISON,15.2041,2.820
1,BISON,15.2551,2.922
1,BISON,15.3061,3.074
1,BISON,15.3571,3.176
1,BISON,15.4082,3.277
1,BISON,15.4592,3.252
1,BISON,15.5102,3.252
1,BISON,15.5612,3.227
1,BISON,15.6122,3.227
1,BISON,15.6633,3.227
1,BISON,15.7143,3.201
1,BISON,15.7653,3.201
1,BISON,15.8163,3.201
1,BISON,15.8673,3.176
1,BISON,15.9184,3.176
1,BISON,15.9694,3.176
1,BISON,16.0204,3.227
1,BISON,16.0714,3.227
1,BISON,16.1224,3.328
1,BISON,16.1735,3.379
1,BISON,16.2245,3.455
1,BISON,16.2755,3.532
1,BISON,16.3265,3.557
1,BISON,16.3776,3.633
1,BISON,16.4286,3.684
1,BISON,16.4796,4.040
1,BISON,16.5306,4.243
1,BISON,16.5816,4.599
1,BISON,16.6327,4.649
1,BISON,16.6837,4.675
1,BISON,16.7347,4.751
1,BISON,16.7857,4.827
1,BISON,16.8367,4.878
1,BISON,16.8878,4.954
1,BISON,16.9388,4.980
1,BISON,16.9898,5.030
1,BISON,17.0408,5.056
1,BISON,17.0918,5.107
1,BISON,17.1429,5.107
1,BISON,17.1939,5.132
1,BISON,17.2449,5.158
1,BISON,17.2959,5.158
1,BISON,17.3469,5.183
1,BISON,17.3980,5.208
1,BISON,17.4490,5.208
1,BISON,17.5000,5.208
1,BISON,17.5510,5.234
1,BISON,17.6020,5.234
1,BISON,17.6531,5.234
1,BISON,17.7041,5.259
1,BISON,17.7551,5.259
1,BISON,17.8061,5.259
1,BISON,17.8571,5.259
1,BISON,17.9082,5.259
1,BISON,17.9592,5.259
1,BISON,18.0102,5.285
1,BISON,18.0612,5.285
1,BISON,18.1122,5.285
1,BISON,18.1633,5.285
1,BISON,18.2143,5.285
1,BISON,18.2653,5.285
1,BISON,18.3163,5.259
1,BISON,18.3673,5.259
1,BISON,18.4184,5.234
1,BISON,18.4694,5.234
1,BISON,18.5204,5.208
1,BISON,18.5714,5.462
1,BISON,18.6224,5.488
1,BISON,18.6735,5.716
1,BISON,18.7245,5.742
1,BISON,18.7755,5.767
1,BISON,18.8265,5.767
1,BISON,18.8776,5.767
1,BISON,18.9286,5.793
1,BISON,18.9796,5.793
1,BISON,19.0306,5.793
1,BISON,19.0816,5.818
1,BISON,19.1327,5.818
1,BISON,19.1837,5.843
1,BISON,19.2347,5.843
1,BISON,19.2857,5.869
1,BISON,19.3367,5.869
1,BISON,19.3878,5.894
1,BISON,19.4388,5.894
1,BISON,19.4898,5.894
1,BISON,19.5408,5.920
1,BISON,19.5918,5.920
1,BISON,19.6429,5.920
1,BISON,19.6939,6.402
1,BISON,19.7449,6.428
1,BISON,19.7959,6.885
1,BISON,19.8469,6.911
1,BISON,19.8980,6.885
1,BISON,19.9490,6.885
1,BISON,20.0000,6.885
1,BISON,20.0510,6.885
1,BISON,20.1020,6.885
1,BISON,20.1531,6.885
1,BISON,20.2041,6.885
1,BISON,20.2551,6.885
1,BISON,20.3061,6.885
1,BISON,20.3571,6.885
1,BISON,20.4082,6.885
1,BISON,20.4592,6.885
1,BISON,20.5102,7.241
1,BISON,20.5612,7.546
1,BISON,20.6122,8.054
1,BISON,20.6633,8.410
1,BISON,20.7143,8.486
1,BISON,20.7653,8.460
1,BISON,20.8163,8.587
1,BISON,20.8673,8.613
1,BISON,20.9184,8.689
1,BISON,20.9694,8.664
1,BISON,21.0204,8.638
1,BISON,21.0714,8.613
1,BISON,21.1224,8.613
1,BISON,21.1735,8.587
1,BISON,21.2245,8.562
1,BISON,21.2755,8.537
1,BISON,21.3265,8.511
1,BISON,21.3776,8.613
1,BISON,21.4286,8.689
1,BISON,21.4796,8.816
1,BISON,21.5306,8.816
1,BISON,21.5816,8.816
1,BISON,21.6327,8.791
1,BISON,21.6837,8.765
1,BISON,21.7347,8.740
1,BISON,21.7857,8.714
1,BISON,21.8367,8.714
1,BISON,21.8878,8.689
1,BISON,21.9388,8.664
1,BISON,21.9898,8.664
1,BISON,22.0408,8.638
1,BISON,22.0918,8.613
1,BISON,22.1429,8.816
1,BISON,22.1939,9.172
1,BISON,22.2449,9.223
1,BISON,22.2959,9.324
1,BISON,22.3469,9.324
1,BISON,22.3980,9.299
1,BISON,22.4490,9.273
1,BISON,22.5000,9.248
1,BISON,22.5510,9.223
1,BISON,22.6020,9.350
1,BISON,22.6531,9.604
1,BISON,22.7041,9.807
1,BISON,22.7551,9.985
1,BISON,22.8061,9.985
1,BISON,22.8571,9.985
1,BISON,22.9082,9.959
1,BISON,22.9592,9.934
1,BISON,23.0102,9.934
1,BISON,23.0612,9.883
1,BISON,23.1122,9.883
1,BISON,23.1633,9.858
1,BISON,23.2143,9.832
1,BISON,23.2653,9.832
1,BISON,23.3163,9.807
1,BISON,23.3673,9.782
1,BISON,23.4184,9.782
1,BISON,23.4694,9.756
1,BISON,23.5204,9.731
1,BISON,23.5714,9.731
1,BISON,23.6224,9.807
1,BISON,23.6735,9.883
1,BISON,23.7245,9.883
1,BISON,23.7755,9.832
1,BISON,23.8265,9.832
1,BISON,23.8776,9.832
1,BISON,23.9286,9.858
1,BISON,23.9796,10.061
1,BISON,24.0306,10.137
1,BISON,24.0816,10.137
1,BISON,24.1327,10.137
1,BISON,24.1837,10.188
1,BISON,24.2347,10.213
1,BISON,24.2857,10.188
1,BISON,24.3367,10.188
1,BISON,24.3878,10.163
1,BISON,24.4388,10.137
1,BISON,24.4898,10.137
1,BISON,24.5408,10.112
1,BISON,24.5918,10.086
1,BISON,24.6429,10.086
1,BISON,24.6939,10.061
1,BISON,24.7449,10.036
1,BISON,24.7959,10.036
1,BISON,24.8469,10.010
1,BISON,24.8980,9.985
1,BISON,24.9490,10.036
1,BISON,25.0000,10.061
1,BISON,25.0510,10.137
1,BISON,25.1020,10.112
1,BISON,25.1531,10.086
1,BISON,25.2041,10.086
1,BISON,25.2551,10.061
1,BISON,25.3061,10.036
1,BISON,25.3571,10.036
1,BISON,25.4082,10.010
1,BISON,25.4592,9.985
1,BISON,25.5102,9.985
1,BISON,25.5612,9.959
1,BISON,25.6122,9.934
1,BISON,25.6633,9.934
1,BISON,25.7143,9.909
1,BISON,25.7653,9.883
1,BISON,25.8163,9.959
1,BISON,25.8673,10.315
1,BISON,25.9184,10.467
1,BISON,25.9694,10.925
1,BISON,26.0204,11.077
1,BISON,26.0714,11.280
1,BISON,26.1224,11.890
1,BISON,26.1735,11.992
1,BISON,26.2245,12.627
1,BISON,26.2755,12.830
1,BISON,26.3265,12.983
1,BISON,26.3776,13.135
1,BISON,26.4286,13.237
1,BISON,26.4796,13.338
1,BISON,26.5306,13.440
1,BISON,26.5816,13.491
1,BISON,26.6327,13.491
1,BISON,26.6837,13.516
1,BISON,26.7347,13.516
1,BISON,26.7857,13.516
1,BISON,26.8367,13.516
1,BISON,26.8878,13.516
1,BISON,26.9388,13.516
1,BISON,26.9898,13.516
1,BISON,27.0408,14.329
1,BISON,27.0918,14.964
1,BISON,27.1429,15.168
1,BISON,27.1939,15.142
1,BISON,27.2449,15.117
1,BISON,27.2959,15.117
1,BISON,27.3469,15.117
1,BISON,27.3980,15.091
1,BISON,27.4490,15.066
1,BISON,27.5000,15.066
1,BISON,27.5510,15.066
1,BISON,27.6020,15.041
1,BISON,27.6531,15.041
1,BISON,27.7041,15.015
1,BISON,27.7551,15.015
1,BISON,27.8061,15.015
1,BISON,27.8571,14.990
1,BISON,27.9082,14.990
1,BISON,27.9592,14.990
1,BISON,28.0102,14.964
1,BISON,28.0612,14.964
1,BISON,28.1122,15.422
1,BISON,28.1633,15.473
1,BISON,28.2143,16.082
1,BISON,28.2653,16.184
1,BISON,28.3163,16.235
1,BISON,28.3673,16.413
1,BISON,28.4184,16.540
1,BISON,28.4694,16.641
1,BISON,28.5204,16.616
1,BISON,28.5714,16.590
1,BISON,28.6224,16.540
1,BISON,28.6735,16.540
1,BISON,28.7245,16.489
1,BISON,28.7755,16.489
1,BISON,28.8265,16.438
1,BISON,28.8776,16.438
1,BISON,28.9286,16.387
1,BISON,28.9796,16.387
1,BISON,29.0306,16.336
1,BISON,29.0816,16.336
1,BISON,29.1327,16.311
1,BISON,29.1837,16.286
1,BISON,29.2347,16.260
1,BISON,29.2857,16.235
1,BISON,29.3367,16.235
1,BISON,29.3878,16.209
1,BISON,29.4388,16.184
1,BISON,29.4898,16.159
1,BISON,29.5408,16.133
1,BISON,29.5918,16.133
1,BISON,29.6429,16.133
1,BISON,29.6939,16.108
1,BISON,29.7449,16.082
1,BISON,29.7959,16.489
1,BISON,29.8469,16.540
5,measured,3.9286,0.152
5,measured,3.9796,0.152
5,measured,4.0306,0.152
5,measured,4.0816,0.152
5,measured,4.1327,0.152
5,measured,4.1837,0.152
5,measured,4.2347,0.152
5,measured,4.2857,0.152
5,measured,4.3367,0.152
5,measured,4.3878,0.178
5,measured,4.4388,0.178
5,measured,4.4898,0.178
5,measured,4.5408,0.178
5,measured,4.5918,0.203
5,measured,4.6429,0.203
5,measured,4.6939,0.203
5,measured,4.7449,0.229
5,measured,4.7959,0.229
5,measured,4.8469,0.229
5,measured,4.8980,0.254
5,measured,4.9490,0.254
5,measured,5.0510,0.279
5,measured,5.1020,0.330
5,measured,5.1531,0.381
5,measured,5.2041,0.432
5,measured,5.2551,0.457
5,measured,5.3061,0.483
5,measured,5.3571,0.534
5,measured,5.4082,0.584
5,measured,5.4592,0.635
5,measured,5.5102,0.661
5,measured,5.5612,0.686
5,measured,5.6122,0.737
5,measured,5.6633,0.788
5,measured,5.7143,0.813
5,measured,5.7653,0.838
5,measured,5.8163,0.864
5,measured,5.8673,0.889
5,measured,5.9184,0.915
5,measured,5.9694,0.940
5,measured,6.0204,0.965
5,measured,6.0714,0.991
5,measured,6.1224,1.016
5,measured,6.1735,1.042
5,measured,6.2245,1.067
5,measured,6.2755,1.092
5,measured,6.3265,1.092
5,measured,6.3776,1.118
5,measured,6.4286,1.143
5,measured,6.4796,1.143
5,measured,6.5306,1.143
5,measured,6.5816,1.092
5,measured,6.6327,0.965
5,measured,6.6837,0.838
5,measured,6.7347,0.788
5,measured,6.7857,0.788
5,measured,6.8367,0.788
5,measured,6.8878,0.788
5,measured,6.9388,0.788
5,measured,6.9898,0.788
5,measured,7.0408,0.788
5,measured,7.0918,0.788
5,measured,7.1429,0.788
5,measured,7.1939,0.788
5,measured,7.2449,0.788
5,measured,7.2959,0.788
5,measured,7.3469,0.813
5,measured,7.3980,0.813
5,measured,7.4490,0.838
5,measured,7.5000,0.838
5,measured,7.5510,0.838
5,measured,7.6020,0.864
5,measured,7.6531,0.864
5,measured,7.7041,0.889
5,measured,7.7551,0.889
5,measured,7.8061,0.889
5,measured,7.8571,0.915
5,measured,7.9082,0.940
5,measured,7.9592,0.940
5,measured,8.0102,0.991
5,measured,8.0612,1.016
5,measured,8.1122,1.042
5,measured,8.1633,1.092
5,measured,8.2143,1.092
5,measured,8.2653,1.143
5,measured,8.3163,1.169
5,measured,8.3673,1.194
5,measured,8.4184,1.194
5,measured,8.4694,1.220
5,measured,8.5204,1.245
5,measured,8.5714,1.245
5,measured,8.6224,1.270
5,measured,8.6735,1.296
5,measured,8.7245,1.296
5,measured,8.7755,1.321
5,measured,8.8265,1.347
5,measured,8.8776,1.347
5,measured,8.9286,1.372
5,measured,8.9796,1.397
5,measured,9.0306,1.397
5,measured,9.0816,1.423
5,measured,9.1327,1.448
5,measured,9.1837,1.448
5,measured,9.2347,1.499
5,measured,9.2857,1.499
5,measured,9.3367,1.550
5,measured,9.3878,1.575
5,measured,9.4388,1.601
5,measured,9.4898,1.626
5,measured,9.5408,1.651
5,measured,9.5918,1.677
5,measured,9.6429,1.702
5,measured,9.6939,1.702
5,measured,9.7449,1.702
5,measured,9.7959,1.702
5,measured,9.8469,1.702
5,measured,9.8980,1.702
5,measured,9.9490,1.702
5,measured,10.0000,1.702
5,measured,10.0510,1.702
5,measured,10.1020,1.702
5,measured,10.1531,1.702
5,measured,10.2041,1.702
5,measured,10.2551,1.702
5,measured,10.3061,1.702
5,measured,10.3571,1.702
5,measured,10.4082,1.702
5,measured,10.4592,1.702
5,measured,10.5102,1.702
5,measured,10.5612,1.702
5,measured,10.6122,1.728
5,measured,10.6633,1.753
5,measured,10.7143,1.753
5,measured,10.7653,1.778
5,measured,10.8163,1.778
5,measured,10.8673,1.804
5,measured,10.9184,1.804
5,measured,10.9694,1.829
5,measured,11.0204,1.855
5,measured,11.0714,1.855
5,measured,11.1224,1.855
5,measured,11.1735,1.880
5,measured,11.2245,1.905
5,measured,11.2755,1.905
5,measured,11.3265,1.905
5,measured,11.3776,1.931
5,measured,11.4286,1.956
5,measured,11.4796,1.956
5,measured,11.5306,1.956
5,measured,11.5816,1.982
5,measured,11.6327,2.007
5,measured,11.6837,2.007
5,measured,11.7347,2.033
5,measured,11.7857,2.033
5,measured,11.8367,2.058
5,measured,11.8878,2.058
5,measured,11.9388,2.058
5,measured,11.9898,2.058
5,measured,12.0408,2.007
5,measured,12.0918,1.956
5,measured,12.1429,1.956
5,measured,12.1939,1.905
5,measured,12.2449,1.855
5,measured,12.2959,1.829
5,measured,12.3469,1.855
5,measured,12.3980,1.855
5,measured,12.4490,1.905
5,measured,12.5000,1.931
5,measured,12.5510,1.956
5,measured,12.6020,2.007
5,measured,12.6531,2.007
5,measured,12.7041,2.058
5,measured,12.7551,2.083
5,measured,12.8061,2.134
5,measured,12.8571,2.236
5,measured,12.9082,2.337
5,measured,12.9592,2.439
5,measured,13.0102,2.541
5,measured,13.0612,2.617
5,measured,13.1122,2.744
5,measured,13.1633,2.998
5,measured,13.3163,3.303
5,measured,13.3673,3.303
5,measured,13.5714,3.404
5,measured,13.6224,3.430
5,measured,13.6735,3.481
5,measured,13.7245,3.481
5,measured,13.7755,3.557
5,measured,13.8265,3.557
5,measured,13.8776,3.760
5,measured,13.9286,3.786
5,measured,13.9796,3.862
5,measured,14.0306,3.913
5,measured,14.0816,4.014
5,measured,14.1327,4.065
5,measured,14.1837,4.167
5,measured,14.2347,4.217
5,measured,14.2857,4.294
5,measured,14.3367,4.370
5,measured,14.3878,4.421
5,measured,14.4388,4.472
5,measured,14.4898,4.548
5,measured,14.5408,4.624
5,measured,14.5918,4.675
5,measured,14.6429,4.751
5,measured,14.6939,4.827
5,measured,14.7449,4.878
5,measured,14.7959,4.954
5,measured,14.8469,5.005
5,measured,14.8980,5.056
5,measured,14.9490,5.081
5,measured,15.0000,5.132
5,measured,15.0510,5.158
5,measured,15.1020,5.208
5,measured,15.1531,5.259
5,measured,15.2041,5.310
5,measured,15.2551,5.361
5,measured,15.3061,5.412
5,measured,15.3571,5.462
5,measured,15.4082,5.488
5,measured,15.4592,5.539
5,measured,15.5102,5.615
5,measured,15.5612,5.767
5,measured,15.6122,5.971
5,measured,15.6633,6.123
5,measured,15.7143,6.225
5,measured,15.7653,6.250
5,measured,15.8163,6.275
5,measured,15.8673,6.275
5,measured,15.9184,6.301
5,measured,15.9694,6.301
5,measured,16.0204,6.326
5,measured,16.0714,6.326
5,measured,16.1224,6.352
5,measured,16.1735,6.377
5,measured,16.2245,6.377
5,measured,16.2755,6.428
5,measured,16.3265,6.428
5,measured,16.3776,6.453
5,measured,16.4286,6.479
5,measured,16.4796,6.580
5,measured,16.5306,6.707
5,measured,16.5816,6.834
5,measured,16.6327,6.834
5,measured,16.6837,6.784
5,measured,16.7347,6.784
5,measured,16.7857,6.784
5,measured,16.8367,6.834
5,measured,16.8878,6.885
5,measured,16.9388,6.911
5,measured,16.9898,6.936
5,measured,17.0408,6.987
5,measured,17.0918,7.038
5,measured,17.1429,7.088
5,measured,17.1939,7.114
5,measured,17.2449,7.139
5,measured,17.2959,7.190
5,measured,17.3469,7.241
5,measured,17.3980,7.292
5,measured,17.4490,7.292
5,measured,17.5000,7.342
5,measured,17.5510,7.393
5,measured,17.6020,7.419
5,measured,17.6531,7.444
5,measured,17.7041,7.470
5,measured,17.7551,7.495
5,measured,17.8061,7.546
5,measured,17.8571,7.546
5,measured,17.9082,7.597
5,measured,17.9592,7.597
5,measured,18.0102,7.647
5,measured,18.0612,7.673
5,measured,18.1122,7.698
5,measured,18.1633,7.749
5,measured,18.2143,7.800
5,measured,18.2653,7.800
5,measured,18.3163,7.851
5,measured,18.3673,7.901
5,measured,18.4184,7.901
5,measured,18.4694,7.952
5,measured,18.5204,8.003
5,measured,18.5714,8.028
5,measured,18.6224,8.054
5,measured,18.6735,8.105
5,measured,18.7245,8.105
5,measured,18.7755,8.155
5,measured,18.8265,8.155
5,measured,18.8776,8.206
5,measured,18.9286,8.232
5,measured,18.9796,8.257
5,measured,19.0306,8.283
5,measured,19.0816,8.308
5,measured,19.1327,8.359
5,measured,19.1837,8.359
5,measured,19.2347,8.410
5,measured,19.2857,8.460
5,measured,19.3367,8.460
5,measured,19.3878,8.511
5,measured,19.4388,8.511
5,measured,19.4898,8.562
5,measured,19.5408,8.613
5,measured,19.5918,8.664
5,measured,19.6429,8.689
5,measured,19.6939,8.714
5,measured,19.7449,8.765
5,measured,19.7959,8.816
5,measured,19.8469,8.867
5,measured,19.8980,8.918
5,measured,19.9490,8.943
5,measured,20.0000,9.019
5,measured,20.0510,9.121
5,measured,20.1020,9.273
5,measured,20.1531,9.324
5,measured,20.2041,9.375
5,measured,20.2551,9.375
5,measured,20.3061,9.375
5,measured,20.3571,9.400
5,measured,20.4082,9.426
5,measured,20.4592,9.426
5,measured,20.5102,9.426
5,measured,20.5612,9.451
5,measured,20.6122,9.477
5,measured,20.6633,9.527
5,measured,20.7143,9.654
5,measured,20.7653,9.807
5,measured,20.8163,9.959
5,measured,20.8673,10.061
5,measured,20.9184,10.112
5,measured,20.9694,10.112
5,measured,21.0204,10.112
5,measured,21.0714,10.112
5,measured,21.1224,10.112
5,measured,21.1735,10.112
5,measured,21.2245,10.112
5,measured,21.2755,10.112
5,measured,21.3265,10.112
5,measured,21.3776,10.112
5,measured,21.4286,10.112
5,measured,21.4796,10.137
5,measured,21.5306,10.137
5,measured,21.5816,10.137
5,measured,21.6327,10.163
5,measured,21.6837,10.188
5,measured,21.7347,10.188
5,measured,21.7857,10.188
5,measured,21.8367,10.213
5,measured,21.8878,10.239
5,measured,21.9388,10.239
5,measured,21.9898,10.239
5,measured,22.0408,10.239
5,measured,22.0918,10.188
5,measured,22.1429,10.188
5,measured,22.1939,10.163
5,measured,22.2449,10.137
5,measured,22.2959,10.163
5,measured,22.3469,10.239
5,measured,22.3980,10.366
5,measured,22.4490,10.391
5,measured,22.5000,10.417
5,measured,22.5510,10.417
5,measured,22.6020,10.442
5,measured,22.6531,10.442
5,measured,22.7041,10.467
5,measured,22.7551,10.493
5,measured,22.8061,10.493
5,measured,22.8571,10.518
5,measured,22.9082,10.518
5,measured,22.9592,10.518
5,measured,23.0102,10.518
5,measured,23.0612,10.518
5,measured,23.1122,10.518
5,measured,23.1633,10.518
5,measured,23.2143,10.518
5,measured,23.2653,10.518
5,measured,23.3163,10.493
5,measured,23.3673,10.493
5,measured,23.4184,10.467
5,measured,23.4694,10.442
5,measured,23.5204,10.442
5,measured,23.5714,10.417
5,measured,23.6224,10.391
5,measured,23.6735,10.391
5,measured,23.7245,10.417
5,measured,23.7755,10.467
5,measured,23.8265,10.544
5,measured,23.8776,10.595
5,measured,23.9286,10.645
5,measured,23.9796,10.645
5,measured,24.0306,10.645
5,measured,24.0816,10.645
5,measured,24.1327,10.645
5,measured,24.1837,10.645
5,measured,24.2347,10.645
5,measured,24.2857,10.620
5,measured,24.3367,10.595
5,measured,24.3878,10.595
5,measured,24.4388,10.569
5,measured,24.4898,10.544
5,measured,24.5408,10.544
5,measured,24.5918,10.518
5,measured,24.6429,10.493
5,measured,24.6939,10.493
5,measured,24.7449,10.467
5,measured,24.7959,10.442
5,measured,24.8469,10.442
5,measured,24.8980,10.417
5,measured,24.9490,10.391
5,measured,25.0000,10.391
5,measured,25.0510,10.391
5,measured,25.1020,10.442
5,measured,25.1531,10.493
5,measured,25.2041,10.493
5,measured,25.2551,10.518
5,measured,25.3061,10.518
5,measured,25.3571,10.518
5,measured,25.4082,10.518
5,measured,25.4592,10.518
5,measured,25.5102,10.518
5,measured,25.5612,10.518
5,measured,25.6122,10.493
5,measured,25.6633,10.493
5,measured,25.7143,10.442
5,measured,25.7653,10.391
5,measured,25.8163,10.340
5,measured,25.8673,10.290
5,measured,25.9184,10.264
5,measured,25.9694,10.290
5,measured,26.0204,10.290
5,measured,26.0714,10.340
5,measured,26.1224,10.340
5,measured,26.1735,10.391
5,measured,26.2245,10.467
5,measured,26.2755,10.518
5,measured,26.3265,10.620
5,measured,26.3776,10.671
5,measured,26.4286,10.823
5,measured,26.4796,11.001
5,measured,26.5306,11.255
5,measured,26.5816,11.509
5,measured,26.6327,11.763
5,measured,26.6837,11.941
5,measured,26.7347,12.119
5,measured,26.7857,12.322
5,measured,26.8367,12.475
5,measured,26.8878,12.678
5,measured,26.9388,12.830
5,measured,26.9898,13.034
5,measured,27.0408,13.237
5,measured,27.0918,13.389
5,measured,27.1429,13.567
5,measured,27.1939,13.720
5,measured,27.2449,13.872
5,measured,27.2959,13.999
5,measured,27.3469,14.075
5,measured,27.3980,14.151
5,measured,27.4490,14.228
5,measured,27.5000,14.278
5,measured,27.5510,14.380
5,measured,27.6020,14.431
5,measured,27.6531,14.482
5,measured,27.7041,14.583
5,measured,27.7551,14.685
5,measured,27.8061,14.761
5,measured,27.8571,14.863
5,measured,27.9082,14.939
5,measured,27.9592,15.041
5,measured,28.0102,15.142
5,measured,28.0612,15.218
5,measured,28.1122,15.346
5,measured,28.1633,15.498
5,measured,28.2143,15.650
5,measured,28.2653,15.777
5,measured,28.3163,15.828
5,measured,28.3673,15.828
5,measured,28.4184,15.828
5,measured,28.4694,15.828
5,measured,28.5204,15.828
5,measured,28.5714,15.828
5,measured,28.6224,15.854
5,measured,28.6735,15.879
5,measured,28.7245,15.879
5,measured,28.7755,15.904
5,measured,28.8265,15.930
5,measured,28.8776,15.930
5,measured,28.9286,15.955
5,measured,28.9796,15.981
5,measured,29.0306,16.032
5,measured,29.0816,16.082
5,measured,29.1327,16.133
5,measured,29.1837,16.184
5,measured,29.2347,16.235
5,measured,29.2857,16.286
5,measured,29.3367,16.336
5,measured,29.3878,16.387
5,measured,29.4388,16.438
5,measured,29.4898,16.463
5,measured,29.5408,16.489
5,measured,29.5918,16.540
5,measured,29.6429,16.590
5,measured,29.6939,16.641
5,measured,29.7449,16.692
5,measured,29.7959,16.717
5,measured,29.8469,16.743
5,BISON,0.5612,0.203
5,BISON,0.6122,0.203
5,BISON,0.6633,0.279
5,BISON,0.7143,0.279
5,BISON,0.7653,0.330
5,BISON,0.8163,0.330
5,BISON,0.8673,0.356
5,BISON,0.9184,0.381
5,BISON,0.9694,0.407
5,BISON,1.0204,0.432
5,BISON,1.0714,0.457
5,BISON,1.1224,0.483
5,BISON,1.1735,0.534
5,BISON,1.2245,0.559
5,BISON,1.2755,0.610
5,BISON,1.3265,0.686
5,BISON,1.3776,0.737
5,BISON,1.4286,0.788
5,BISON,1.4796,0.838
5,BISON,1.5306,0.889
5,BISON,1.5816,0.940
5,BISON,1.6327,0.991
5,BISON,1.6837,0.991
5,BISON,1.7347,1.042
5,BISON,1.7857,1.067
5,BISON,1.8367,1.092
5,BISON,1.8878,1.143
5,BISON,1.9388,1.169
5,BISON,1.9898,1.194
5,BISON,2.0408,1.245
5,BISON,2.0918,1.296
5,BISON,2.1429,1.321
5,BISON,2.1939,1.347
5,BISON,2.2449,1.397
5,BISON,2.2959,1.423
5,BISON,2.3469,1.448
5,BISON,2.3980,1.448
5,BISON,2.4490,1.448
5,BISON,2.5000,1.474
5,BISON,2.5510,1.499
5,BISON,2.6020,1.499
5,BISON,2.6531,1.524
5,BISON,2.7041,1.550
5,BISON,2.7551,1.550
5,BISON,2.8061,1.575
5,BISON,2.8571,1.575
5,BISON,2.9082,1.601
5,BISON,2.9592,1.601
5,BISON,3.0102,1.626
5,BISON,3.0612,1.626
5,BISON,3.1122,1.651
5,BISON,3.1633,1.651
5,BISON,3.2143,1.677
5,BISON,3.2653,1.677
5,BISON,3.3163,1.702
5,BISON,3.3673,1.702
5,BISON,3.4184,1.702
5,BISON,3.4694,1.728
5,BISON,3.5204,1.753
5,BISON,3.5714,1.753
5,BISON,3.6224,1.753
5,BISON,3.6735,1.778
5,BISON,3.7245,1.804
5,BISON,3.7755,1.804
5,BISON,3.8265,1.804
5,BISON,3.8776,1.829
5,BISON,3.9286,1.829
5,BISON,3.9796,1.855
5,BISON,4.0306,1.855
5,BISON,4.0816,1.855
5,BISON,4.1327,1.905
5,BISON,4.1837,1.956
5,BISON,4.2347,1.956
5,BISON,4.2857,1.956
5,BISON,4.3367,1.956
5,BISON,4.3878,1.956
5,BISON,4.4388,1.956
5,BISON,4.4898,1.956
5,BISON,4.5408,1.956
5,BISON,4.5918,1.982
5,BISON,4.6429,1.982
5,BISON,4.6939,1.982
5,BISON,4.7449,1.982
5,BISON,4.7959,1.982
5,BISON,4.8469,1.982
5,BISON,4.8980,1.982
5,BISON,4.9490,1.982
5,BISON,5.0000,1.982
5,BISON,5.0510,2.007
5,BISON,5.1020,2.007
5,BISON,5.1531,2.007
5,BISON,5.2041,2.007
5,BISON,5.2551,2.007
5,BISON,5.3061,2.007
5,BISON,5.3571,2.007
5,BISON,5.4082,2.007
5,BISON,5.4592,2.007
5,BISON,5.5102,2.007
5,BISON,5.5612,1.982
5,BISON,5.6122,1.982
5,BISON,5.6633,1.982
5,BISON,5.7143,2.007
5,BISON,5.7653,2.007
5,BISON,5.8163,2.007
5,BISON,5.8673,2.033
5,BISON,5.9184,2.058
5,BISON,5.9694,2.058
5,BISON,6.0204,2.083
5,BISON,6.0714,2.109
5,BISON,6.1224,2.109
5,BISON,6.1735,2.160
5,BISON,6.2245,2.160
5,BISON,6.2755,2.185
5,BISON,6.3265,2.210
5,BISON,6.3776,2.236
5,BISON,6.4286,2.261
5,BISON,6.4796,2.261
5,BISON,6.5306,2.287
5,BISON,6.5816,2.312
5,BISON,6.6327,2.312
5,BISON,6.6837,2.337
5,BISON,6.7347,2.490
5,BISON,6.7857,2.642
5,BISON,6.8367,2.693
5,BISON,6.8878,2.718
5,BISON,6.9388,2.693
5,BISON,6.9898,2.668
5,BISON,7.0408,2.642
5,BISON,7.0918,2.617
5,BISON,7.1429,2.617
5,BISON,7.1939,2.591
5,BISON,7.2449,2.566
5,BISON,7.2959,2.566
5,BISON,7.3469,2.541
5,BISON,7.3980,2.515
5,BISON,7.4490,2.515
5,BISON,7.5000,2.490
5,BISON,7.5510,2.490
5,BISON,7.6020,2.515
5,BISON,7.6531,2.515
5,BISON,7.7041,2.515
5,BISON,7.7551,2.515
5,BISON,7.8061,2.490
5,BISON,7.8571,2.464
5,BISON,7.9082,2.464
5,BISON,7.9592,2.439
5,BISON,8.0102,2.414
5,BISON,8.0612,2.414
5,BISON,8.1122,2.388
5,BISON,8.1633,2.388
5,BISON,8.2143,2.363
5,BISON,8.2653,2.363
5,BISON,8.3163,2.337
5,BISON,8.3673,2.312
5,BISON,8.4184,2.312
5,BISON,8.4694,2.312
5,BISON,8.5204,2.287
5,BISON,8.5714,2.287
5,BISON,8.6224,2.261
5,BISON,8.6735,2.261
5,BISON,8.7245,2.261
5,BISON,8.7755,2.337
5,BISON,8.8265,2.388
5,BISON,8.8776,2.388
5,BISON,8.9286,2.363
5,BISON,8.9796,2.363
5,BISON,9.0306,2.363
5,BISON,9.0816,2.337
5,BISON,9.1327,2.337
5,BISON,9.1837,2.312
5,BISON,9.2347,2.312
5,BISON,9.2857,2.312
5,BISON,9.3367,2.287
5,BISON,9.3878,2.287
5,BISON,9.4388,2.261
5,BISON,9.4898,2.261
5,BISON,9.5408,2.337
5,BISON,9.5918,2.388
5,BISON,9.6429,2.591
5,BISON,9.6939,2.617
5,BISON,9.7449,2.668
5,BISON,9.7959,2.642
5,BISON,9.8469,2.617
5,BISON,9.8980,2.617
5,BISON,9.9490,2.617
5,BISON,10.0000,2.591
5,BISON,10.0510,2.591
5,BISON,10.1020,2.566
5,BISON,10.1531,2.617
5,BISON,10.2041,2.668
5,BISON,10.2551,2.668
5,BISON,10.3061,2.642
5,BISON,10.3571,2.642
5,BISON,10.4082,2.617
5,BISON,10.4592,2.617
5,BISON,10.5102,2.617
5,BISON,10.5612,2.668
5,BISON,10.6122,2.668
5,BISON,10.6633,2.718
5,BISON,10.7143,2.718
5,BISON,10.7653,2.693
5,BISON,10.8163,2.693
5,BISON,10.8673,2.668
5,BISON,10.9184,2.668
5,BISON,10.9694,2.668
5,BISON,11.0204,2.668
5,BISON,11.0714,2.668
5,BISON,11.1224,2.718
5,BISON,11.1735,2.769
5,BISON,11.2245,2.769
5,BISON,11.2755,2.769
5,BISON,11.3265,2.744
5,BISON,11.3776,2.744
5,BISON,11.4286,2.718
5,BISON,11.4796,2.718
5,BISON,11.5306,2.718
5,BISON,11.5816,2.693
5,BISON,11.6327,2.693
5,BISON,11.6837,2.668
5,BISON,11.7347,2.668
5,BISON,11.7857,2.668
5,BISON,11.8367,2.642
5,BISON,11.8878,2.642
5,BISON,11.9388,2.642
5,BISON,11.9898,2.617
5,BISON,12.0408,2.617
5,BISON,12.0918,2.617
5,BISON,12.1429,2.591
5,BISON,12.1939,2.591
5,BISON,12.2449,2.566
5,BISON,12.2959,2.591
5,BISON,12.3469,2.668
5,BISON,12.3980,2.922
5,BISON,12.4490,3.074
5,BISON,12.5000,3.049
5,BISON,12.5510,3.049
5,BISON,12.6020,3.023
5,BISON,12.6531,3.023
5,BISON,12.7041,2.998
5,BISON,12.7551,2.998
5,BISON,12.8061,2.973
5,BISON,12.8571,2.973
5,BISON,12.9082,2.973
5,BISON,12.9592,2.947
5,BISON,13.0102,2.922
5,BISON,13.0612,2.922
5,BISON,13.1122,2.922
5,BISON,13.1633,2.896
5,BISON,13.2143,3.049
5,BISON,13.2653,3.074
5,BISON,13.3163,3.227
5,BISON,13.3673,3.227
5,BISON,13.4184,3.227
5,BISON,13.4694,3.481
5,BISON,13.5204,3.582
5,BISON,13.5714,3.735
5,BISON,13.6224,3.735
5,BISON,13.6735,3.709
5,BISON,13.7245,3.684
5,BISON,13.7755,3.684
5,BISON,13.8265,3.684
5,BISON,13.8776,3.659
5,BISON,13.9286,3.633
5,BISON,13.9796,3.633
5,BISON,14.0306,3.633
5,BISON,14.0816,3.608
5,BISON,14.1327,3.608
5,BISON,14.1837,3.582
5,BISON,14.2347,3.582
5,BISON,14.2857,3.557
5,BISON,14.3367,3.557
5,BISON,14.3878,3.532
5,BISON,14.4388,3.532
5,BISON,14.4898,3.506
5,BISON,14.5408,3.506
5,BISON,14.5918,3.481
5,BISON,14.6429,3.481
5,BISON,14.6939,3.481
5,BISON,14.7449,3.455
5,BISON,14.7959,3.455
5,BISON,14.8469,3.430
5,BISON,14.8980,3.430
5,BISON,14.9490,3.430
5,BISON,15.0000,3.404
5,BISON,15.0510,3.404
5,BISON,15.1020,3.404
5,BISON,15.1531,3.379
5,BISON,15.2041,3.379
5,BISON,15.2551,3.379
5,BISON,15.3061,3.354
5,BISON,15.3571,3.354
5,BISON,15.4082,3.354
5,BISON,15.4592,3.328
5,BISON,15.5102,3.532
5,BISON,15.5612,3.709
5,BISON,15.6122,3.709
5,BISON,15.6633,3.709
5,BISON,15.7143,3.684
5,BISON,15.7653,3.684
5,BISON,15.8163,3.684
5,BISON,15.8673,3.659
5,BISON,15.9184,3.659
5,BISON,15.9694,3.659
5,BISON,16.0204,3.633
5,BISON,16.0714,3.811
5,BISON,16.1224,4.014
5,BISON,16.1735,4.217
5,BISON,16.2245,4.395
5,BISON,16.2755,4.395
5,BISON,16.3265,4.395
5,BISON,16.3776,4.370
5,BISON,16.4286,4.370
5,BISON,16.4796,4.345
5,BISON,16.5306,4.345
5,BISON,16.5816,4.345
5,BISON,16.6327,4.319
5,BISON,16.6837,4.319
5,BISON,16.7347,4.294
5,BISON,16.7857,4.294
5,BISON,16.8367,4.294
5,BISON,16.8878,4.268
5,BISON,16.9388,4.395
5,BISON,16.9898,4.421
5,BISON,17.0408,4.573
5,BISON,17.0918,4.649
5,BISON,17.1429,4.700
5,BISON,17.1939,4.853
5,BISON,17.2449,5.234
5,BISON,17.2959,5.361
5,BISON,17.3469,5.513
5,BISON,17.3980,5.513
5,BISON,17.4490,5.513
5,BISON,17.5000,5.488
5,BISON,17.5510,5.488
5,BISON,17.6020,5.462
5,BISON,17.6531,5.462
5,BISON,17.7041,5.462
5,BISON,17.7551,5.462
5,BISON,17.8061,5.437
5,BISON,17.8571,5.437
5,BISON,17.9082,5.437
5,BISON,17.9592,5.412
5,BISON,18.0102,5.412
5,BISON,18.0612,5.412
5,BISON,18.1122,5.386
5,BISON,18.1633,5.386
5,BISON,18.2143,5.386
5,BISON,18.2653,5.361
5,BISON,18.3163,5.361
5,BISON,18.3673,5.361
5,BISON,18.4184,5.335
5,BISON,18.4694,5.335
5,BISON,18.5204,5.335
5,BISON,18.5714,5.310
5,BISON,18.6224,5.310
5,BISON,18.6735,5.310
5,BISON,18.7245,5.285
5,BISON,18.7755,5.285
5,BISON,18.8265,5.285
5,BISON,18.8776,5.259
5,BISON,18.9286,5.259
5,BISON,18.9796,5.259
5,BISON,19.0306,5.234
5,BISON,19.0816,5.234
5,BISON,19.1327,5.234
5,BISON,19.1837,5.208
5,BISON,19.2347,5.335
5,BISON,19.2857,5.437
5,BISON,19.3367,5.666
5,BISON,19.3878,5.818
5,BISON,19.4388,5.971
5,BISON,19.4898,5.971
5,BISON,19.5408,5.971
5,BISON,19.5918,5.945
5,BISON,19.6429,5.920
5,BISON,19.6939,5.920
5,BISON,19.7449,5.920
5,BISON,19.7959,5.894
5,BISON,19.8469,5.869
5,BISON,19.8980,5.869
5,BISON,19.9490,5.869
5,BISON,20.0000,5.843
5,BISON,20.0510,5.843
5,BISON,20.1020,5.818
5,BISON,20.1531,5.818
5,BISON,20.2041,5.818
5,BISON,20.2551,5.996
5,BISON,20.3061,6.072
5,BISON,20.3571,6.377
5,BISON,20.4082,6.479
5,BISON,20.4592,6.479
5,BISON,20.5102,6.479
5,BISON,20.5612,6.479
5,BISON,20.6122,6.453
5,BISON,20.6633,6.428
5,BISON,20.7143,6.428
5,BISON,20.7653,6.428
5,BISON,20.8163,6.402
5,BISON,20.8673,6.377
5,BISON,20.9184,6.377
5,BISON,20.9694,6.377
5,BISON,21.0204,6.529
5,BISON,21.0714,6.580
5,BISON,21.1224,6.784
5,BISON,21.1735,6.834
5,BISON,21.2245,6.834
5,BISON,21.2755,6.834
5,BISON,21.3265,6.809
5,BISON,21.3776,6.784
5,BISON,21.4286,6.784
5,BISON,21.4796,6.758
5,BISON,21.5306,6.733
5,BISON,21.5816,6.733
5,BISON,21.6327,6.834
5,BISON,21.6837,6.911
5,BISON,21.7347,6.936
5,BISON,21.7857,6.936
5,BISON,21.8367,6.911
5,BISON,21.8878,6.911
5,BISON,21.9388,6.885
5,BISON,21.9898,6.885
5,BISON,22.0408,6.860
5,BISON,22.0918,6.834
5,BISON,22.1429,6.834
5,BISON,22.1939,6.809
5,BISON,22.2449,6.784
5,BISON,22.2959,6.784
5,BISON,22.3469,6.961
5,BISON,22.3980,7.317
5,BISON,22.4490,7.317
5,BISON,22.5000,7.495
5,BISON,22.5510,7.470
5,BISON,22.6020,7.470
5,BISON,22.6531,7.444
5,BISON,22.7041,7.444
5,BISON,22.7551,7.444
5,BISON,22.8061,7.571
5,BISON,22.8571,7.851
5,BISON,22.9082,7.978
5,BISON,22.9592,7.978
5,BISON,23.0102,7.952
5,BISON,23.0612,7.952
5,BISON,23.1122,7.927
5,BISON,23.1633,7.927
5,BISON,23.2143,7.901
5,BISON,23.2653,7.901
5,BISON,23.3163,7.876
5,BISON,23.3673,7.851
5,BISON,23.4184,7.851
5,BISON,23.4694,7.851
5,BISON,23.5204,7.825
5,BISON,23.5714,7.800
5,BISON,23.6224,7.800
5,BISON,23.6735,7.800
5,BISON,23.7245,7.800
5,BISON,23.7755,7.876
5,BISON,23.8265,7.952
5,BISON,23.8776,7.927
5,BISON,23.9286,7.901
5,BISON,23.9796,7.901
5,BISON,24.0306,7.901
5,BISON,24.0816,8.308
5,BISON,24.1327,8.410
5,BISON,24.1837,8.841
5,BISON,24.2347,8.918
5,BISON,24.2857,8.918
5,BISON,24.3367,8.918
5,BISON,24.3878,8.918
5,BISON,24.4388,8.892
5,BISON,24.4898,8.867
5,BISON,24.5408,8.867
5,BISON,24.5918,8.841
5,BISON,24.6429,8.816
5,BISON,24.6939,8.816
5,BISON,24.7449,8.791
5,BISON,24.7959,8.765
5,BISON,24.8469,8.765
5,BISON,24.8980,8.740
5,BISON,24.9490,8.714
5,BISON,25.0000,8.714
5,BISON,25.0510,8.765
5,BISON,25.1020,8.816
5,BISON,25.1531,8.816
5,BISON,25.2041,8.791
5,BISON,25.2551,8.791
5,BISON,25.3061,8.765
5,BISON,25.3571,8.765
5,BISON,25.4082,8.765
5,BISON,25.4592,8.765
5,BISON,25.5102,8.740
5,BISON,25.5612,8.740
5,BISON,25.6122,8.714
5,BISON,25.6633,8.714
5,BISON,25.7143,8.689
5,BISON,25.7653,8.689
5,BISON,25.8163,8.664
5,BISON,25.8673,8.664
5,BISON,25.9184,8.664
5,BISON,25.9694,8.791
5,BISON,26.0204,9.070
5,BISON,26.0714,9.223
5,BISON,26.1224,9.223
5,BISON,26.1735,9.223
5,BISON,26.2245,9.223
5,BISON,26.2755,9.604
5,BISON,26.3265,9.985
5,BISON,26.3776,10.036
5,BISON,26.4286,10.086
5,BISON,26.4796,10.086
5,BISON,26.5306,10.137
5,BISON,26.5816,10.188
5,BISON,26.6327,10.188
5,BISON,26.6837,10.239
5,BISON,26.7347,10.264
5,BISON,26.7857,10.290
5,BISON,26.8367,10.315
5,BISON,26.8878,10.315
5,BISON,26.9388,10.340
5,BISON,26.9898,10.340
5,BISON,27.0408,10.340
5,BISON,27.0918,10.823
5,BISON,27.1429,10.849
5,BISON,27.1939,11.306
5,BISON,27.2449,11.331
5,BISON,27.2959,11.331
5,BISON,27.3469,11.331
5,BISON,27.3980,11.357
5,BISON,27.4490,11.357
5,BISON,27.5000,11.357
5,BISON,27.5510,11.357
5,BISON,27.6020,11.382
5,BISON,27.6531,11.382
5,BISON,27.7041,11.408
5,BISON,27.7551,11.408
5,BISON,27.8061,11.408
5,BISON,27.8571,11.408
5,BISON,27.9082,11.408
5,BISON,27.9592,11.408
5,BISON,28.0102,11.408
5,BISON,28.0612,11.408
5,BISON,28.1122,11.408
5,BISON,28.1633,11.763
5,BISON,28.2143,12.297
5,BISON,28.2653,12.322
5,BISON,28.3163,12.475
5,BISON,28.3673,12.627
5,BISON,28.4184,12.703
5,BISON,28.4694,12.932
5,BISON,28.5204,12.907
5,BISON,28.5714,12.881
5,BISON,28.6224,12.881
5,BISON,28.6735,12.830
5,BISON,28.7245,12.830
5,BISON,28.7755,12.805
5,BISON,28.8265,12.779
5,BISON,28.8776,12.779
5,BISON,28.9286,12.729
5,BISON,28.9796,12.729
5,BISON,29.0306,12.703
5,BISON,29.0816,12.678
5,BISON,29.1327,12.678
5,BISON,29.1837,12.652
5,BISON,29.2347,12.627
5,BISON,29.2857,12.627
5,BISON,29.3367,12.602
5,BISON,29.3878,12.576
5,BISON,29.4388,12.576
5,BISON,29.4898,12.551
5,BISON,29.5408,12.551
5,BISON,29.5918,12.525
5,BISON,29.6429,12.525
5,BISON,29.6939,12.500
5,BISON,29.7449,12.475
5,BISON,29.7959,12.907
5,BISON,29.8469,13.288
5,puncture,29.8469,16.006
