rod,quantity,dualmesh,bison,measured
1,upper thermocouple bias K (median; all),-54,24,0
1,upper thermocouple bias K (median; cycles 1-3),-84,-22,0
1,upper thermocouple rms K,98,121,0
1,lower thermocouple bias K (median; all),-52,15,0
1,lower thermocouple bias K (median; cycles 1-3),-86,-18,0
1,lower thermocouple rms K,104,137,0
1,rod pressure bias MPa (median),0.27,0.20,0
1,FGR at 29.85 MWd/kgU % (case A (best estimate)),8.01,16.54,22.08
1,FGR rms against the measured curve % (case A (best estimate)),7.20,3.98,
1,end burnup MWd/kgU (case A (best estimate)),30.52,,29.85
1,FGR at 29.85 MWd/kgU % (case B (upper limit)),11.19,16.54,22.08
1,FGR rms against the measured curve % (case B (upper limit)),5.60,3.98,
1,end burnup MWd/kgU (case B (upper limit)),30.52,,29.85
1,FGR at 29.85 MWd/kgU % (CASL Eq. 16 (as BISON)),10.09,16.54,22.08
1,FGR rms against the measured curve % (CASL Eq. 16 (as BISON)),6.14,3.98,
1,end burnup MWd/kgU (CASL Eq. 16 (as BISON)),30.52,,29.85
5,upper thermocouple bias K (median; all),-105,-39,0
5,upper thermocouple bias K (median; cycles 1-3),-119,-65,0
5,upper thermocouple rms K,162,108,0
5,lower thermocouple bias K (median; all),-84,-17,0
5,lower thermocouple bias K (median; cycles 1-3),-101,-35,0
5,lower thermocouple rms K,143,114,0
5,rod pressure bias MPa (median),0.22,0.20,0
5,FGR at 29.85 MWd/kgU % (case A (best estimate)),8.86,13.29,16.74
5,FGR rms against the measured curve % (case A (best estimate)),3.35,2.21,
5,end burnup MWd/kgU (case A (best estimate)),28.91,,29.85
5,FGR at 29.85 MWd/kgU % (case B (upper limit)),13.03,13.29,16.74
5,FGR rms against the measured curve % (case B (upper limit)),1.50,2.21,
5,end burnup MWd/kgU (case B (upper limit)),28.91,,29.85
5,FGR at 29.85 MWd/kgU % (CASL Eq. 16 (as BISON)),11.66,13.29,16.74
5,FGR rms against the measured curve % (CASL Eq. 16 (as BISON)),2.01,2.21,
5,end burnup MWd/kgU (CASL Eq. 16 (as BISON)),28.91,,29.85
