# IFA-677.1 rods 1 and 5, rod inner pressure (MPa) against time (days),
# measured and BISON, digitised from the raster Figs. 11 and 14 of
# CASL-U-2019-1870-000 Rev. 0.
rod,series,time_days,pressure_MPa
1,measured,5.983,2.9146
1,measured,6.838,2.9146
1,measured,7.692,2.9146
1,measured,8.547,2.9085
1,measured,11.111,2.3293
1,measured,11.966,2.3232
1,measured,13.675,2.9024
1,measured,14.530,2.9024
1,measured,15.385,2.9024
1,measured,16.239,2.9024
1,measured,17.094,2.9024
1,measured,18.803,2.8902
1,measured,19.658,2.8902
1,measured,20.513,2.8902
1,measured,21.368,2.8902
1,measured,22.222,2.8902
1,measured,23.077,2.8902
1,measured,23.932,2.8902
1,measured,24.786,2.8902
1,measured,27.350,2.8780
1,measured,28.205,2.8780
1,measured,29.060,2.8780
1,measured,29.915,2.8780
1,measured,30.769,2.8780
1,measured,31.624,2.8780
1,measured,32.479,2.8780
1,measured,33.333,2.8780
1,measured,34.188,2.8780
1,measured,35.043,2.8780
1,measured,35.897,2.8780
1,measured,36.752,2.8780
1,measured,37.607,2.8780
1,measured,38.462,2.8780
1,measured,39.316,2.8780
1,measured,40.171,2.8780
1,measured,41.026,2.8780
1,measured,42.735,2.8659
1,measured,43.590,2.8659
1,measured,44.444,2.8659
1,measured,45.299,2.8659
1,measured,46.154,2.8659
1,measured,47.009,2.8659
1,measured,47.863,2.8659
1,measured,48.718,2.8659
1,measured,49.573,2.8659
1,measured,50.427,2.8659
1,measured,51.282,2.8659
1,measured,52.137,2.8659
1,measured,52.991,2.8659
1,measured,53.846,2.8659
1,measured,54.701,2.8659
1,measured,55.556,2.8659
1,measured,56.410,2.8659
1,measured,57.265,2.8659
1,measured,58.120,2.8659
1,measured,58.974,2.8659
1,measured,59.829,2.6646
1,measured,60.684,2.6646
1,measured,61.538,2.8659
1,measured,62.393,2.8659
1,measured,63.248,2.8659
1,measured,64.103,2.8659
1,measured,64.957,2.8659
1,measured,65.812,2.8659
1,measured,66.667,2.8659
1,measured,67.521,2.8659
1,measured,68.376,2.8659
1,measured,69.231,2.8659
1,measured,70.085,2.8659
1,measured,70.940,2.8659
1,measured,71.795,2.8659
1,measured,72.650,2.8780
1,measured,73.504,2.8780
1,measured,74.359,2.8780
1,measured,75.214,2.8780
1,measured,76.068,2.8780
1,measured,76.923,2.8780
1,measured,77.778,2.8780
1,measured,78.632,2.8780
1,measured,79.487,2.7439
1,measured,80.342,2.7439
1,measured,81.197,2.8902
1,measured,82.051,2.8902
1,measured,82.906,2.8902
1,measured,83.761,2.8902
1,measured,84.615,2.8902
1,measured,85.470,2.8902
1,measured,86.325,2.8902
1,measured,87.179,2.8902
1,measured,88.034,2.8902
1,measured,90.598,2.9024
1,measured,91.453,2.9024
1,measured,92.308,2.9024
1,measured,93.162,2.9024
1,measured,94.017,2.9024
1,measured,94.872,2.9085
1,measured,98.291,2.6951
1,measured,99.145,2.7317
1,measured,100.855,2.2256
1,measured,101.709,2.8171
1,measured,102.564,2.8171
1,measured,103.419,2.8171
1,measured,105.128,2.8293
1,measured,105.983,2.8293
1,measured,106.838,2.8293
1,measured,107.692,2.8293
1,measured,108.547,2.8293
1,measured,109.402,2.8293
1,measured,110.256,2.8293
1,measured,111.111,2.8293
1,measured,114.530,2.8415
1,measured,115.385,2.8110
1,measured,116.239,2.8110
1,measured,117.094,2.8415
1,measured,117.949,2.8415
1,measured,118.803,2.8415
1,measured,122.222,2.8537
1,measured,123.077,2.8537
1,measured,123.932,2.8537
1,measured,124.786,2.8537
1,measured,125.641,2.8537
1,measured,126.496,2.8598
1,measured,127.350,2.8537
1,measured,128.205,2.8659
1,measured,129.060,2.8780
1,measured,129.915,2.8841
1,measured,130.769,2.8780
1,measured,134.188,2.8780
1,measured,135.043,2.8780
1,measured,135.897,2.8780
1,measured,136.752,2.8659
1,measured,137.607,2.8598
1,measured,138.462,2.8780
1,measured,139.316,2.8780
1,measured,140.171,2.8780
1,measured,141.026,2.8902
1,measured,141.880,2.8841
1,measured,142.735,2.8841
1,measured,143.590,2.3049
1,measured,145.299,2.3049
1,measured,147.009,2.5732
1,measured,147.863,2.8659
1,measured,148.718,2.8659
1,measured,149.573,2.8659
1,measured,150.427,2.8598
1,measured,151.282,2.8598
1,measured,152.137,2.8659
1,measured,152.991,2.8537
1,measured,156.410,2.8354
1,measured,157.265,2.8537
1,measured,158.120,2.8354
1,measured,158.974,2.8415
1,measured,159.829,2.8659
1,measured,160.684,2.8780
1,measured,161.538,2.1707
1,measured,163.248,2.1707
1,measured,164.103,2.8841
1,measured,164.957,2.8902
1,measured,165.812,2.8902
1,measured,167.521,2.8780
1,measured,168.376,2.8780
1,measured,169.231,2.8780
1,measured,170.085,2.8780
1,measured,172.650,2.8841
1,measured,173.504,2.8902
1,measured,175.214,2.8902
1,measured,176.068,2.8902
1,measured,176.923,2.8902
1,measured,177.778,2.8902
1,measured,178.632,2.8902
1,measured,179.487,2.8902
1,measured,180.342,2.8902
1,measured,181.197,2.8902
1,measured,182.051,2.8902
1,measured,182.906,2.8902
1,measured,183.761,2.8963
1,measured,184.615,2.8902
1,measured,185.470,2.8902
1,measured,186.325,2.8902
1,measured,187.179,2.8902
1,measured,188.034,2.8902
1,measured,188.889,2.8902
1,measured,189.744,2.9024
1,measured,194.872,2.3598
1,measured,196.581,2.7988
1,measured,197.436,2.8049
1,measured,199.145,2.8049
1,measured,200.000,2.8049
1,measured,200.855,2.8110
1,measured,201.709,2.8354
1,measured,202.564,2.8659
1,measured,203.419,2.8720
1,measured,204.274,2.8780
1,measured,205.128,2.8780
1,measured,205.983,2.8780
1,measured,206.838,2.8841
1,measured,207.692,2.8902
1,measured,208.547,2.9085
1,measured,211.111,2.9268
1,measured,211.966,2.9268
1,measured,215.385,2.8963
1,measured,216.239,2.8902
1,measured,218.803,2.9024
1,measured,219.658,2.9024
1,measured,220.513,2.9024
1,measured,221.368,2.9024
1,measured,222.222,2.9024
1,measured,223.077,2.9024
1,measured,223.932,2.9024
1,measured,224.786,2.9024
1,measured,225.641,2.9024
1,measured,226.496,2.9024
1,measured,227.350,2.9024
1,measured,228.205,2.9024
1,measured,229.915,2.9146
1,measured,230.769,2.9146
1,measured,231.624,2.9146
1,measured,232.479,2.9146
1,measured,233.333,2.9146
1,measured,234.188,2.9268
1,measured,235.043,2.9268
1,measured,235.897,2.9390
1,measured,236.752,2.9451
1,measured,237.607,2.9512
1,measured,238.462,2.9512
1,measured,239.316,2.9512
1,measured,240.171,2.9512
1,measured,241.026,2.9512
1,measured,241.880,2.9512
1,measured,242.735,2.9512
1,measured,243.590,2.9634
1,measured,244.444,2.9634
1,measured,247.009,2.9390
1,measured,247.863,2.9390
1,measured,248.718,2.9512
1,measured,249.573,2.9695
1,measured,250.427,2.9756
1,measured,251.282,2.9756
1,measured,252.137,2.9756
1,measured,252.991,2.9756
1,measured,253.846,2.9756
1,measured,257.265,2.9451
1,measured,258.120,2.9634
1,measured,258.974,2.9634
1,measured,259.829,2.9695
1,measured,260.684,2.9756
1,measured,261.538,2.9878
1,measured,262.393,2.9878
1,measured,263.248,2.9878
1,measured,264.103,2.9878
1,measured,264.957,2.9878
1,measured,265.812,2.9878
1,measured,266.667,2.9878
1,measured,267.521,2.9878
1,measured,268.376,2.9878
1,measured,270.940,3.0000
1,measured,275.214,2.3963
1,measured,276.068,2.7866
1,measured,277.778,2.7744
1,measured,278.632,2.8476
1,measured,280.342,2.8354
1,measured,283.761,3.1524
1,measured,284.615,3.1768
1,measured,285.470,3.1951
1,measured,286.325,3.2073
1,measured,287.179,3.2195
1,measured,288.034,3.2317
1,measured,288.889,3.2439
1,measured,289.744,3.2561
1,measured,290.598,3.2683
1,measured,291.453,3.2805
1,measured,292.308,3.2927
1,measured,293.162,3.3049
1,measured,294.017,3.3049
1,measured,294.872,3.3049
1,measured,295.726,3.3171
1,measured,296.581,3.3293
1,measured,297.436,3.3293
1,measured,298.291,3.3415
1,measured,299.145,3.3537
1,measured,300.000,3.3537
1,measured,300.855,3.3659
1,measured,301.709,3.3780
1,measured,302.564,3.3780
1,measured,303.419,3.3902
1,measured,304.274,3.3902
1,measured,305.128,3.4024
1,measured,305.983,3.3476
1,measured,306.838,3.3476
1,measured,307.692,3.3415
1,measured,308.547,3.4268
1,measured,309.402,3.4268
1,measured,310.256,3.4390
1,measured,311.111,3.4390
1,measured,311.966,3.4390
1,measured,315.385,3.4817
1,measured,316.239,3.5000
1,measured,317.094,3.5122
1,measured,317.949,3.5244
1,measured,318.803,3.5366
1,measured,319.658,3.5427
1,measured,320.513,3.5488
1,measured,321.368,3.5610
1,measured,322.222,3.5610
1,measured,323.932,3.5732
1,measured,326.496,3.6098
1,measured,327.350,3.6220
1,measured,328.205,3.6220
1,measured,329.060,3.6402
1,measured,329.915,3.6402
1,measured,331.624,3.6951
1,measured,332.479,3.6951
1,measured,333.333,3.7073
1,measured,334.188,3.7073
1,measured,335.043,3.7073
1,measured,335.897,3.7134
1,measured,336.752,3.7134
1,measured,337.607,3.7134
1,measured,338.462,3.7317
1,measured,339.316,3.7317
1,measured,340.171,3.7317
1,measured,341.026,3.7439
1,measured,341.880,3.7317
1,measured,342.735,3.7561
1,measured,343.590,3.7561
1,measured,344.444,3.6585
1,measured,345.299,3.6646
1,measured,346.154,3.7805
1,measured,347.009,3.7805
1,measured,347.863,3.7927
1,measured,348.718,3.7744
1,measured,349.573,3.7378
1,measured,350.427,3.6057
1,measured,352.991,3.7256
1,measured,353.846,3.7317
1,measured,354.701,3.7439
1,measured,355.556,3.7622
1,measured,356.410,3.7683
1,measured,360.684,3.2378
1,measured,361.538,3.2439
1,measured,362.393,3.8476
1,measured,363.248,3.8415
1,measured,364.103,3.8476
1,measured,365.812,3.8780
1,measured,366.667,3.8780
1,measured,367.521,3.8659
1,measured,368.376,3.8780
1,measured,369.231,3.8780
1,measured,370.085,3.8780
1,measured,370.940,3.8780
1,measured,371.795,3.8780
1,measured,372.650,3.1220
1,measured,373.504,3.9207
1,measured,376.068,3.8902
1,measured,376.923,3.8902
1,measured,377.778,3.8902
1,measured,378.632,3.8902
1,measured,379.487,3.8902
1,measured,383.761,3.9024
1,measured,384.615,3.9085
1,measured,385.470,3.9085
1,measured,386.325,3.9085
1,measured,387.179,3.9085
1,measured,388.034,3.9146
1,measured,388.889,3.9146
1,measured,389.744,3.9085
1,measured,390.598,3.9085
1,measured,391.453,3.9085
1,measured,392.308,3.9085
1,measured,393.162,3.9146
1,measured,394.017,3.9085
1,measured,394.872,3.9085
1,measured,395.726,3.9085
1,measured,396.581,3.9085
1,measured,399.145,3.5915
1,measured,400.000,3.7561
1,measured,402.564,3.8902
1,measured,403.419,3.8963
1,measured,404.274,3.9146
1,measured,408.547,3.9390
1,measured,409.402,3.9390
1,measured,411.966,3.9390
1,measured,412.821,3.9451
1,measured,413.675,3.9390
1,measured,414.530,3.9329
1,measured,415.385,3.9329
1,measured,417.094,3.9329
1,measured,417.949,3.9329
1,measured,418.803,3.9329
1,measured,419.658,3.9329
1,measured,420.513,3.9329
1,measured,421.368,3.9329
1,measured,422.222,3.9329
1,measured,423.077,3.9329
1,measured,423.932,3.9329
1,measured,428.205,3.9634
1,measured,429.060,3.9634
1,measured,429.915,3.9634
1,measured,430.769,3.9634
1,measured,431.624,3.9634
1,measured,432.479,3.9634
1,measured,433.333,3.9573
1,measured,434.188,3.9634
1,measured,435.043,3.9634
1,measured,435.897,3.9573
1,measured,436.752,3.9573
1,measured,437.607,3.9634
1,measured,438.462,3.9634
1,measured,439.316,3.9634
1,measured,440.171,3.9573
1,measured,441.880,3.2134
1,measured,442.735,3.9695
1,measured,443.590,3.9329
1,measured,444.444,3.7012
1,measured,445.299,3.9390
1,measured,447.863,4.1037
1,measured,448.718,4.1220
1,measured,451.282,4.1768
1,measured,452.137,4.2012
1,measured,452.991,4.2439
1,measured,453.846,4.2744
1,measured,454.701,4.2805
1,measured,455.556,4.3354
1,measured,456.410,4.3537
1,measured,457.265,4.3720
1,measured,458.120,4.3841
1,measured,458.974,4.3963
1,measured,459.829,4.4146
1,measured,460.684,4.4329
1,measured,461.538,4.4512
1,measured,464.103,4.5122
1,measured,464.957,4.5122
1,measured,465.812,4.5244
1,measured,466.667,4.5366
1,measured,467.521,4.5488
1,measured,468.376,4.5549
1,measured,469.231,4.5671
1,measured,470.085,4.5793
1,measured,470.940,4.5915
1,measured,471.795,4.5976
1,measured,472.650,4.6098
1,measured,473.504,4.6280
1,measured,474.359,4.6220
1,measured,475.214,4.6341
1,measured,476.068,4.6402
1,measured,476.923,4.6585
1,measured,477.778,4.6707
1,measured,481.197,3.9817
1,measured,482.051,4.7195
1,measured,485.470,4.7500
1,measured,486.325,4.7561
1,measured,487.179,4.7561
1,measured,488.034,4.7622
1,measured,488.889,4.7561
1,measured,489.744,4.7561
1,measured,490.598,4.7683
1,measured,491.453,4.7744
1,measured,492.308,4.7744
1,measured,493.162,4.7866
1,measured,494.017,4.7866
1,measured,494.872,4.7927
1,measured,495.726,4.7988
1,measured,496.581,4.7866
1,measured,497.436,4.7866
1,measured,498.291,4.8110
1,measured,499.145,4.8293
1,measured,500.000,4.8232
1,measured,500.855,4.8171
1,measured,501.709,4.8171
1,measured,502.564,4.8293
1,measured,503.419,4.8354
1,measured,504.274,4.8476
1,measured,505.128,4.8598
1,BISON,5.128,2.9451
1,BISON,5.983,2.9817
1,BISON,6.838,2.9878
1,BISON,7.692,2.9878
1,BISON,8.547,2.9878
1,BISON,9.402,2.9878
1,BISON,10.256,2.9817
1,BISON,11.966,2.9817
1,BISON,13.675,2.9878
1,BISON,14.530,2.9878
1,BISON,15.385,2.9878
1,BISON,16.239,2.9878
1,BISON,17.094,2.9878
1,BISON,17.949,2.9878
1,BISON,18.803,3.0000
1,BISON,19.658,3.0000
1,BISON,20.513,3.0000
1,BISON,21.368,3.0000
1,BISON,22.222,3.0000
1,BISON,23.077,3.0000
1,BISON,23.932,3.0000
1,BISON,24.786,3.0000
1,BISON,25.641,3.0000
1,BISON,26.496,3.0122
1,BISON,27.350,3.0122
1,BISON,28.205,3.0122
1,BISON,29.060,3.0122
1,BISON,29.915,3.0122
1,BISON,30.769,3.0122
1,BISON,31.624,3.0122
1,BISON,32.479,3.0122
1,BISON,33.333,3.0122
1,BISON,34.188,3.0244
1,BISON,35.043,3.0244
1,BISON,35.897,3.0244
1,BISON,36.752,3.0244
1,BISON,37.607,3.0244
1,BISON,38.462,3.0244
1,BISON,39.316,3.0244
1,BISON,40.171,3.0244
1,BISON,41.026,3.0244
1,BISON,41.880,3.0305
1,BISON,42.735,3.0366
1,BISON,43.590,3.0366
1,BISON,44.444,3.0366
1,BISON,45.299,3.0366
1,BISON,46.154,3.0366
1,BISON,47.009,3.0366
1,BISON,47.863,3.0366
1,BISON,48.718,3.0366
1,BISON,49.573,3.0366
1,BISON,50.427,3.0366
1,BISON,51.282,3.0488
1,BISON,52.137,3.0488
1,BISON,52.991,3.0488
1,BISON,53.846,3.0488
1,BISON,54.701,3.0488
1,BISON,55.556,3.0488
1,BISON,56.410,3.0488
1,BISON,57.265,3.0488
1,BISON,58.120,3.0488
1,BISON,58.974,3.0488
1,BISON,61.538,3.0427
1,BISON,62.393,3.0488
1,BISON,63.248,3.0488
1,BISON,64.103,3.0549
1,BISON,64.957,3.0610
1,BISON,65.812,3.0610
1,BISON,66.667,3.0610
1,BISON,67.521,3.0610
1,BISON,68.376,3.0610
1,BISON,69.231,3.0610
1,BISON,70.085,3.0610
1,BISON,70.940,3.0671
1,BISON,71.795,3.0732
1,BISON,72.650,3.0732
1,BISON,73.504,3.0732
1,BISON,74.359,3.0732
1,BISON,75.214,3.0732
1,BISON,76.068,3.0732
1,BISON,76.923,3.0732
1,BISON,77.778,3.0732
1,BISON,78.632,3.0793
1,BISON,81.197,3.0854
1,BISON,82.051,3.0854
1,BISON,82.906,3.0854
1,BISON,83.761,3.0854
1,BISON,84.615,3.0854
1,BISON,85.470,3.0976
1,BISON,86.325,3.0976
1,BISON,87.179,3.0976
1,BISON,88.034,3.0976
1,BISON,88.889,3.0976
1,BISON,89.744,3.0976
1,BISON,90.598,3.1098
1,BISON,91.453,3.1098
1,BISON,92.308,3.1098
1,BISON,93.162,3.1098
1,BISON,94.017,3.1098
1,BISON,94.872,3.1159
1,BISON,100.000,3.0366
1,BISON,101.709,3.0366
1,BISON,102.564,3.0366
1,BISON,103.419,3.0366
1,BISON,104.274,3.0366
1,BISON,105.128,3.0366
1,BISON,105.983,3.0488
1,BISON,106.838,3.0488
1,BISON,107.692,3.0488
1,BISON,108.547,3.0488
1,BISON,109.402,3.0488
1,BISON,110.256,3.0488
1,BISON,111.111,3.0488
1,BISON,111.966,3.0549
1,BISON,113.675,3.0488
1,BISON,114.530,3.0488
1,BISON,115.385,3.0610
1,BISON,116.239,3.0610
1,BISON,117.094,3.0610
1,BISON,117.949,3.0610
1,BISON,118.803,3.0610
1,BISON,119.658,3.0671
1,BISON,120.513,3.0732
1,BISON,121.368,3.0732
1,BISON,122.222,3.0732
1,BISON,123.077,3.0732
1,BISON,123.932,3.0732
1,BISON,124.786,3.0854
1,BISON,125.641,3.0854
1,BISON,126.496,3.0854
1,BISON,127.350,3.0854
1,BISON,128.205,3.0854
1,BISON,129.060,3.0854
1,BISON,129.915,3.0976
1,BISON,130.769,3.0976
1,BISON,131.624,3.0793
1,BISON,133.333,3.0915
1,BISON,134.188,3.0976
1,BISON,135.043,3.0976
1,BISON,135.897,3.0976
1,BISON,136.752,3.0976
1,BISON,137.607,3.0976
1,BISON,138.462,3.0976
1,BISON,139.316,3.0976
1,BISON,140.171,3.1037
1,BISON,141.026,3.1098
1,BISON,141.880,3.1098
1,BISON,142.735,3.1098
1,BISON,143.590,3.1098
1,BISON,145.299,3.1159
1,BISON,147.863,3.0976
1,BISON,148.718,3.0976
1,BISON,149.573,3.0976
1,BISON,150.427,3.0976
1,BISON,151.282,3.0976
1,BISON,152.137,3.0976
1,BISON,152.991,3.0976
1,BISON,153.846,3.0915
1,BISON,155.556,3.0976
1,BISON,156.410,3.0793
1,BISON,157.265,3.0854
1,BISON,158.120,3.0976
1,BISON,158.974,3.0976
1,BISON,159.829,3.0976
1,BISON,160.684,3.1098
1,BISON,161.538,3.1098
1,BISON,164.103,3.1280
1,BISON,164.957,3.1220
1,BISON,165.812,3.1220
1,BISON,166.667,3.1220
1,BISON,167.521,3.1220
1,BISON,168.376,3.1220
1,BISON,169.231,3.1220
1,BISON,170.085,3.1220
1,BISON,172.650,3.1463
1,BISON,173.504,3.1463
1,BISON,174.359,3.1463
1,BISON,175.214,3.1463
1,BISON,176.068,3.1463
1,BISON,176.923,3.1463
1,BISON,177.778,3.1463
1,BISON,178.632,3.1463
1,BISON,179.487,3.1463
1,BISON,180.342,3.1463
1,BISON,181.197,3.1463
1,BISON,182.051,3.1463
1,BISON,182.906,3.1463
1,BISON,183.761,3.1463
1,BISON,184.615,3.1463
1,BISON,185.470,3.1463
1,BISON,186.325,3.1463
1,BISON,187.179,3.1463
1,BISON,188.034,3.1463
1,BISON,188.889,3.1463
1,BISON,189.744,3.1463
1,BISON,190.598,3.1524
1,BISON,196.581,3.0732
1,BISON,197.436,3.0854
1,BISON,198.291,3.0854
1,BISON,199.145,3.0976
1,BISON,200.000,3.0976
1,BISON,200.855,3.1037
1,BISON,201.709,3.1098
1,BISON,202.564,3.1159
1,BISON,203.419,3.1220
1,BISON,204.274,3.1280
1,BISON,205.128,3.1341
1,BISON,205.983,3.1402
1,BISON,206.838,3.1463
1,BISON,207.692,3.1524
1,BISON,208.547,3.1646
1,BISON,211.111,3.1524
1,BISON,211.966,3.1220
1,BISON,212.821,3.0610
1,BISON,215.385,3.1585
1,BISON,216.239,3.1585
1,BISON,217.094,3.1585
1,BISON,217.949,3.1585
1,BISON,218.803,3.1707
1,BISON,219.658,3.1707
1,BISON,220.513,3.1707
1,BISON,221.368,3.1768
1,BISON,222.222,3.1829
1,BISON,223.077,3.1829
1,BISON,223.932,3.1829
1,BISON,224.786,3.1829
1,BISON,225.641,3.1829
1,BISON,226.496,3.1829
1,BISON,227.350,3.1829
1,BISON,228.205,3.1829
1,BISON,229.060,3.1951
1,BISON,229.915,3.1951
1,BISON,230.769,3.1951
1,BISON,231.624,3.1951
1,BISON,232.479,3.1951
1,BISON,233.333,3.1951
1,BISON,234.188,3.1951
1,BISON,235.043,3.1951
1,BISON,235.897,3.1951
1,BISON,236.752,3.2073
1,BISON,237.607,3.2073
1,BISON,238.462,3.2073
1,BISON,239.316,3.2073
1,BISON,240.171,3.2073
1,BISON,241.026,3.2073
1,BISON,241.880,3.2073
1,BISON,242.735,3.2073
1,BISON,243.590,3.2073
1,BISON,244.444,3.2195
1,BISON,247.009,3.2195
1,BISON,247.863,3.2195
1,BISON,248.718,3.2195
1,BISON,249.573,3.2195
1,BISON,250.427,3.2317
1,BISON,251.282,3.2317
1,BISON,252.137,3.2317
1,BISON,252.991,3.2317
1,BISON,253.846,3.2256
1,BISON,257.265,3.2317
1,BISON,258.120,3.2317
1,BISON,258.974,3.2378
1,BISON,259.829,3.2439
1,BISON,260.684,3.2439
1,BISON,261.538,3.2439
1,BISON,262.393,3.2439
1,BISON,263.248,3.2439
1,BISON,264.103,3.2439
1,BISON,264.957,3.2439
1,BISON,265.812,3.2439
1,BISON,266.667,3.2439
1,BISON,267.521,3.2439
1,BISON,268.376,3.2439
1,BISON,270.940,3.1768
1,BISON,277.778,3.2134
1,BISON,278.632,3.2134
1,BISON,283.761,3.3537
1,BISON,284.615,3.4268
1,BISON,285.470,3.4329
1,BISON,286.325,3.4390
1,BISON,287.179,3.4390
1,BISON,288.034,3.4512
1,BISON,288.889,3.4512
1,BISON,289.744,3.4512
1,BISON,290.598,3.4512
1,BISON,291.453,3.4634
1,BISON,292.308,3.4634
1,BISON,293.162,3.4634
1,BISON,294.017,3.4634
1,BISON,294.872,3.4634
1,BISON,295.726,3.4634
1,BISON,296.581,3.4634
1,BISON,297.436,3.4634
1,BISON,298.291,3.4634
1,BISON,299.145,3.4634
1,BISON,300.000,3.4634
1,BISON,300.855,3.4695
1,BISON,301.709,3.4756
1,BISON,302.564,3.4756
1,BISON,303.419,3.4756
1,BISON,304.274,3.4756
1,BISON,305.128,3.4756
1,BISON,305.983,3.4756
1,BISON,306.838,3.4756
1,BISON,307.692,3.4756
1,BISON,308.547,3.4756
1,BISON,309.402,3.4756
1,BISON,310.256,3.4756
1,BISON,311.111,3.4878
1,BISON,311.966,3.4878
1,BISON,315.385,3.5488
1,BISON,316.239,3.5549
1,BISON,317.094,3.5610
1,BISON,317.949,3.5610
1,BISON,318.803,3.5610
1,BISON,319.658,3.5732
1,BISON,320.513,3.5732
1,BISON,321.368,3.5732
1,BISON,322.222,3.5793
1,BISON,323.077,3.5854
1,BISON,323.932,3.5854
1,BISON,324.786,3.5854
1,BISON,325.641,3.5976
1,BISON,326.496,3.5976
1,BISON,327.350,3.5976
1,BISON,328.205,3.6098
1,BISON,329.060,3.6098
1,BISON,332.479,3.6829
1,BISON,333.333,3.6829
1,BISON,334.188,3.6829
1,BISON,335.043,3.6829
1,BISON,335.897,3.6951
1,BISON,336.752,3.6951
1,BISON,337.607,3.6951
1,BISON,338.462,3.6951
1,BISON,339.316,3.6951
1,BISON,340.171,3.7073
1,BISON,341.026,3.6951
1,BISON,341.880,3.6951
1,BISON,342.735,3.6829
1,BISON,347.009,3.6951
1,BISON,347.863,3.7195
1,BISON,348.718,3.6524
1,BISON,352.137,3.7195
1,BISON,352.991,3.7683
1,BISON,353.846,3.7683
1,BISON,354.701,3.7805
1,BISON,355.556,3.7866
1,BISON,356.410,3.7927
1,BISON,357.265,3.8049
1,BISON,358.120,3.8049
1,BISON,358.974,3.8171
1,BISON,359.829,3.8232
1,BISON,362.393,3.8659
1,BISON,363.248,3.8780
1,BISON,364.103,3.8780
1,BISON,364.957,3.8659
1,BISON,365.812,3.8659
1,BISON,366.667,3.8537
1,BISON,367.521,3.8537
1,BISON,368.376,3.8537
1,BISON,369.231,3.8537
1,BISON,370.085,3.8537
1,BISON,370.940,3.8537
1,BISON,371.795,3.8598
1,BISON,375.214,3.9146
1,BISON,376.068,3.9085
1,BISON,376.923,3.9024
1,BISON,377.778,3.9024
1,BISON,378.632,3.9024
1,BISON,379.487,3.9024
1,BISON,382.906,3.9512
1,BISON,383.761,3.9756
1,BISON,384.615,3.9756
1,BISON,385.470,3.9756
1,BISON,386.325,3.9756
1,BISON,387.179,3.9756
1,BISON,388.034,3.9756
1,BISON,388.889,3.9756
1,BISON,389.744,3.9756
1,BISON,390.598,3.9756
1,BISON,391.453,3.9756
1,BISON,392.308,3.9756
1,BISON,393.162,3.9756
1,BISON,394.017,3.9756
1,BISON,394.872,3.9756
1,BISON,395.726,3.9756
1,BISON,396.581,3.9756
1,BISON,397.436,3.9756
1,BISON,401.709,3.8902
1,BISON,402.564,3.9634
1,BISON,403.419,3.9817
1,BISON,404.274,4.0000
1,BISON,405.128,3.9817
1,BISON,407.692,4.0488
1,BISON,408.547,4.0488
1,BISON,409.402,4.0488
1,BISON,411.966,4.0488
1,BISON,412.821,4.0488
1,BISON,413.675,4.0488
1,BISON,414.530,4.0488
1,BISON,415.385,4.0488
1,BISON,416.239,4.0488
1,BISON,417.094,4.0488
1,BISON,417.949,4.0488
1,BISON,418.803,4.0488
1,BISON,419.658,4.0488
1,BISON,420.513,4.0488
1,BISON,421.368,4.0488
1,BISON,422.222,4.0488
1,BISON,423.077,4.0488
1,BISON,423.932,4.0488
1,BISON,427.350,4.0549
1,BISON,428.205,4.0610
1,BISON,429.060,4.0610
1,BISON,429.915,4.0610
1,BISON,430.769,4.0610
1,BISON,431.624,4.0610
1,BISON,432.479,4.0610
1,BISON,433.333,4.0610
1,BISON,434.188,4.0610
1,BISON,435.043,4.0610
1,BISON,435.897,4.0610
1,BISON,436.752,4.0610
1,BISON,437.607,4.0610
1,BISON,438.462,4.0610
1,BISON,439.316,4.0610
1,BISON,440.171,4.0488
1,BISON,441.026,4.0549
1,BISON,442.735,3.3598
1,BISON,443.590,3.2805
1,BISON,446.154,4.2073
1,BISON,447.863,4.2195
1,BISON,448.718,4.2805
1,BISON,451.282,4.4817
1,BISON,452.137,4.5122
1,BISON,452.991,4.5366
1,BISON,453.846,4.5549
1,BISON,454.701,4.5793
1,BISON,455.556,4.5915
1,BISON,456.410,4.6037
1,BISON,457.265,4.6098
1,BISON,458.120,4.6159
1,BISON,458.974,4.6220
1,BISON,459.829,4.6220
1,BISON,460.684,4.6341
1,BISON,461.538,4.6341
1,BISON,464.103,4.8171
1,BISON,464.957,4.8049
1,BISON,465.812,4.8049
1,BISON,466.667,4.8171
1,BISON,467.521,4.8171
1,BISON,468.376,4.8171
1,BISON,469.231,4.8171
1,BISON,470.085,4.8293
1,BISON,470.940,4.8293
1,BISON,471.795,4.8293
1,BISON,472.650,4.8293
1,BISON,473.504,4.8415
1,BISON,474.359,4.8415
1,BISON,475.214,4.8415
1,BISON,476.068,4.8415
1,BISON,476.923,4.8537
1,BISON,477.778,4.8537
1,BISON,482.051,4.8232
1,BISON,485.470,4.8963
1,BISON,486.325,4.9024
1,BISON,487.179,4.9146
1,BISON,488.034,4.9207
1,BISON,488.889,4.9268
1,BISON,489.744,4.9390
1,BISON,490.598,4.9451
1,BISON,491.453,4.9573
1,BISON,492.308,4.9695
1,BISON,493.162,4.9878
1,BISON,494.017,5.0000
1,BISON,494.872,5.0122
1,BISON,495.726,5.0244
1,BISON,496.581,5.0305
1,BISON,497.436,5.0427
1,BISON,498.291,5.0488
1,BISON,499.145,5.0610
1,BISON,500.000,5.0732
1,BISON,500.855,5.0854
1,BISON,501.709,5.0915
1,BISON,502.564,5.1037
1,BISON,503.419,5.1159
1,BISON,504.274,5.1220
1,BISON,505.128,5.1280
5,measured,5.983,2.9268
5,measured,6.838,2.9268
5,measured,7.692,2.9268
5,measured,8.547,2.9207
5,measured,9.402,3.0113
5,measured,10.256,3.0732
5,measured,11.111,2.3293
5,measured,11.966,2.3293
5,measured,13.675,2.9146
5,measured,14.530,2.9146
5,measured,15.385,2.9146
5,measured,16.239,2.9146
5,measured,17.094,2.9146
5,measured,17.949,2.9146
5,measured,20.513,2.9024
5,measured,21.368,2.9024
5,measured,22.222,2.9024
5,measured,23.077,2.9024
5,measured,23.932,2.9024
5,measured,24.786,2.9024
5,measured,25.641,2.9024
5,measured,26.496,2.9024
5,measured,27.350,2.9024
5,measured,28.205,2.9024
5,measured,29.060,2.9024
5,measured,29.915,2.9024
5,measured,30.769,2.9024
5,measured,31.624,2.9713
5,measured,32.479,2.9695
5,measured,34.188,2.9024
5,measured,35.043,2.9024
5,measured,35.897,2.9024
5,measured,36.752,2.9024
5,measured,37.607,2.9024
5,measured,38.462,2.9024
5,measured,39.316,2.9024
5,measured,40.171,2.9024
5,measured,41.026,2.9024
5,measured,42.735,2.8963
5,measured,43.590,2.9024
5,measured,50.427,2.9024
5,measured,51.282,2.9024
5,measured,52.137,2.9024
5,measured,52.991,2.9024
5,measured,53.846,2.9024
5,measured,54.701,2.9024
5,measured,55.556,2.9024
5,measured,56.410,2.9024
5,measured,57.265,2.9024
5,measured,58.120,2.9024
5,measured,58.974,2.9024
5,measured,59.829,2.6890
5,measured,60.684,2.6890
5,measured,61.538,2.9024
5,measured,62.393,2.9024
5,measured,63.248,2.9024
5,measured,64.103,2.9024
5,measured,64.957,2.9024
5,measured,65.812,2.9024
5,measured,66.667,2.9024
5,measured,67.521,2.9024
5,measured,68.376,2.9024
5,measured,69.231,2.9024
5,measured,70.085,2.9024
5,measured,70.940,2.9024
5,measured,71.795,2.9024
5,measured,72.650,2.9146
5,measured,73.504,2.9146
5,measured,74.359,2.9146
5,measured,75.214,2.9146
5,measured,76.068,2.9146
5,measured,76.923,2.9146
5,measured,77.778,2.9146
5,measured,78.632,2.9146
5,measured,79.487,2.8049
5,measured,80.342,2.8049
5,measured,81.197,2.9268
5,measured,82.051,2.9268
5,measured,82.906,2.9268
5,measured,83.761,2.9268
5,measured,84.615,2.9268
5,measured,85.470,2.9268
5,measured,86.325,2.9268
5,measured,87.179,2.9268
5,measured,88.034,2.9268
5,measured,90.598,2.9390
5,measured,91.453,2.9390
5,measured,92.308,2.9390
5,measured,93.162,2.9390
5,measured,94.017,2.9390
5,measured,94.872,2.9451
5,measured,98.291,2.7256
5,measured,99.145,2.7805
5,measured,100.855,2.2500
5,measured,101.709,2.8476
5,measured,102.564,2.8537
5,measured,103.419,2.8537
5,measured,104.274,2.8537
5,measured,105.128,2.8537
5,measured,105.983,2.8598
5,measured,106.838,2.8659
5,measured,107.692,2.8659
5,measured,108.547,2.8659
5,measured,109.402,2.8659
5,measured,110.256,2.8659
5,measured,111.111,2.8659
5,measured,114.530,2.8780
5,measured,115.385,2.8476
5,measured,116.239,2.8537
5,measured,117.094,2.8780
5,measured,117.949,2.8780
5,measured,118.803,2.8780
5,measured,119.658,2.8841
5,measured,120.513,2.8902
5,measured,121.368,2.8902
5,measured,122.222,2.8902
5,measured,123.077,2.8902
5,measured,123.932,2.8902
5,measured,124.786,2.8902
5,measured,125.641,2.8902
5,measured,126.496,2.8963
5,measured,127.350,2.9024
5,measured,128.205,2.9146
5,measured,129.060,2.9268
5,measured,129.915,2.9329
5,measured,130.769,2.9268
5,measured,134.188,2.9268
5,measured,135.043,2.9268
5,measured,135.897,2.9268
5,measured,136.752,2.9146
5,measured,137.607,2.9085
5,measured,138.462,2.9268
5,measured,139.316,2.9268
5,measured,140.171,2.9329
5,measured,141.026,2.9329
5,measured,141.880,2.9329
5,measured,142.735,2.9329
5,measured,143.590,2.3598
5,measured,147.009,2.6037
5,measured,147.863,2.9207
5,measured,148.718,2.9268
5,measured,149.573,2.9146
5,measured,150.427,2.9146
5,measured,151.282,2.9146
5,measured,152.137,2.9146
5,measured,152.991,2.9146
5,measured,156.410,2.8841
5,measured,157.265,2.9024
5,measured,158.120,2.8841
5,measured,158.974,2.8841
5,measured,159.829,2.9146
5,measured,160.684,2.9329
5,measured,161.538,2.2195
5,measured,163.248,2.6646
5,measured,164.103,2.9329
5,measured,164.957,2.9390
5,measured,165.812,2.9390
5,measured,166.667,2.9390
5,measured,167.521,2.9390
5,measured,168.376,2.9390
5,measured,169.231,2.9390
5,measured,170.085,2.9390
5,measured,172.650,2.9329
5,measured,173.504,2.9390
5,measured,174.359,2.9390
5,measured,175.214,2.9390
5,measured,176.068,2.9390
5,measured,176.923,2.9390
5,measured,177.778,2.9390
5,measured,178.632,2.9512
5,measured,179.487,2.9512
5,measured,180.342,2.9512
5,measured,181.197,2.9512
5,measured,182.051,2.9512
5,measured,182.906,2.9512
5,measured,183.761,2.9512
5,measured,184.615,2.9512
5,measured,185.470,2.9451
5,measured,186.325,2.9451
5,measured,187.179,2.9512
5,measured,188.034,2.9512
5,measured,188.889,2.9512
5,measured,189.744,2.9573
5,measured,191.453,2.4207
5,measured,192.308,2.9024
5,measured,194.872,2.3902
5,measured,197.436,2.8902
5,measured,198.291,2.9024
5,measured,199.145,2.9024
5,measured,200.000,2.8902
5,measured,200.855,2.8963
5,measured,201.709,2.9268
5,measured,202.564,2.9512
5,measured,203.419,2.9573
5,measured,204.274,2.9695
5,measured,205.128,2.9634
5,measured,205.983,2.9634
5,measured,206.838,2.9695
5,measured,207.692,2.9756
5,measured,208.547,2.9939
5,measured,211.111,3.0244
5,measured,211.966,3.0305
5,measured,215.385,3.0183
5,measured,216.239,3.0122
5,measured,217.094,3.0244
5,measured,217.949,3.0244
5,measured,218.803,3.0244
5,measured,219.658,3.0244
5,measured,220.513,3.0244
5,measured,222.222,3.0366
5,measured,223.077,3.0366
5,measured,223.932,3.0366
5,measured,224.786,3.0366
5,measured,225.641,3.0427
5,measured,226.496,3.0488
5,measured,227.350,3.0488
5,measured,228.205,3.0488
5,measured,229.060,3.0549
5,measured,229.915,3.0610
5,measured,230.769,3.0610
5,measured,231.624,3.0610
5,measured,233.333,3.0732
5,measured,234.188,3.0793
5,measured,235.043,3.0854
5,measured,235.897,3.0976
5,measured,236.752,3.1098
5,measured,237.607,3.1098
5,measured,238.462,3.1220
5,measured,239.316,3.1220
5,measured,241.026,3.1341
5,measured,241.880,3.1341
5,measured,242.735,3.1341
5,measured,243.590,3.1463
5,measured,244.444,3.1463
5,measured,247.009,3.1280
5,measured,247.863,3.1341
5,measured,248.718,3.1402
5,measured,249.573,3.1646
5,measured,250.427,3.1707
5,measured,251.282,3.1707
5,measured,252.137,3.1707
5,measured,252.991,3.1707
5,measured,257.265,3.1646
5,measured,258.120,3.1829
5,measured,258.974,3.1829
5,measured,259.829,3.1890
5,measured,260.684,3.2012
5,measured,261.538,3.2073
5,measured,262.393,3.2073
5,measured,263.248,3.2073
5,measured,264.103,3.2073
5,measured,264.957,3.2073
5,measured,265.812,3.2073
5,measured,266.667,3.2073
5,measured,267.521,3.2073
5,measured,268.376,3.2134
5,measured,270.940,3.2378
5,measured,271.795,3.2317
5,measured,274.359,3.1280
5,measured,275.214,2.5122
5,measured,276.068,3.0122
5,measured,277.778,2.9939
5,measured,280.342,2.9512
5,measured,282.906,3.2744
5,measured,283.761,3.2744
5,measured,284.615,3.2805
5,measured,285.470,3.2805
5,measured,286.325,3.2805
5,measured,288.034,3.2927
5,measured,288.889,3.2927
5,measured,289.744,3.2927
5,measured,290.598,3.2927
5,measured,291.453,3.2927
5,measured,292.308,3.3049
5,measured,293.162,3.3049
5,measured,294.017,3.2927
5,measured,294.872,3.2927
5,measured,295.726,3.2927
5,measured,296.581,3.3049
5,measured,297.436,3.3049
5,measured,298.291,3.3049
5,measured,299.145,3.3171
5,measured,300.000,3.3171
5,measured,300.855,3.3171
5,measured,301.709,3.3293
5,measured,302.564,3.3293
5,measured,303.419,3.3293
5,measured,304.274,3.3293
5,measured,305.128,3.3293
5,measured,305.983,3.2683
5,measured,306.838,3.2622
5,measured,307.692,3.2500
5,measured,308.547,3.3415
5,measured,309.402,3.3476
5,measured,310.256,3.3476
5,measured,311.111,3.3537
5,measured,311.966,3.3537
5,measured,314.530,3.3476
5,measured,317.094,3.3902
5,measured,317.949,3.3963
5,measured,318.803,3.4024
5,measured,319.658,3.4024
5,measured,320.513,3.4146
5,measured,321.368,3.4146
5,measured,322.222,3.4146
5,measured,323.077,3.4146
5,measured,323.932,3.4146
5,measured,324.786,3.4268
5,measured,325.641,3.4268
5,measured,326.496,3.4390
5,measured,327.350,3.4390
5,measured,328.205,3.4390
5,measured,329.060,3.4451
5,measured,329.915,3.0366
5,measured,331.624,3.1402
5,measured,332.479,3.4817
5,measured,333.333,3.4817
5,measured,334.188,3.4756
5,measured,335.043,3.4756
5,measured,335.897,3.4756
5,measured,336.752,3.4756
5,measured,337.607,3.4878
5,measured,338.462,3.4939
5,measured,339.316,3.4939
5,measured,340.171,3.4939
5,measured,341.026,3.5000
5,measured,341.880,3.4695
5,measured,347.009,3.4634
5,measured,347.863,3.4634
5,measured,348.718,3.4634
5,measured,352.137,3.4146
5,measured,352.991,3.4512
5,measured,353.846,3.4573
5,measured,354.701,3.4695
5,measured,355.556,3.4939
5,measured,356.410,3.4939
5,measured,357.265,3.5183
5,measured,358.120,3.5305
5,measured,358.974,3.5305
5,measured,362.393,3.5671
5,measured,363.248,3.5610
5,measured,364.103,3.5793
5,measured,364.957,3.5854
5,measured,365.812,3.5854
5,measured,366.667,3.5854
5,measured,367.521,3.5854
5,measured,368.376,3.5854
5,measured,369.231,3.5854
5,measured,370.085,3.5854
5,measured,370.940,3.5854
5,measured,376.068,3.5976
5,measured,376.923,3.5915
5,measured,377.778,3.5976
5,measured,378.632,3.5915
5,measured,379.487,3.5976
5,measured,383.761,3.5976
5,measured,384.615,3.6098
5,measured,385.470,3.6098
5,measured,386.325,3.6037
5,measured,387.179,3.6098
5,measured,388.034,3.6098
5,measured,388.889,3.6098
5,measured,389.744,3.6037
5,measured,390.598,3.6037
5,measured,391.453,3.6037
5,measured,392.308,3.6037
5,measured,393.162,3.6037
5,measured,394.017,3.6037
5,measured,394.872,3.6037
5,measured,395.726,3.6037
5,measured,396.581,3.6037
5,measured,399.145,3.3171
5,measured,400.000,3.4207
5,measured,400.855,3.5061
5,measured,401.709,3.5732
5,measured,402.564,3.5915
5,measured,403.419,3.5976
5,measured,404.274,3.6159
5,measured,407.692,3.6159
5,measured,408.547,3.6280
5,measured,409.402,3.6280
5,measured,411.966,3.6341
5,measured,412.821,3.6280
5,measured,413.675,3.6280
5,measured,414.530,3.6280
5,measured,415.385,3.6220
5,measured,416.239,3.6220
5,measured,417.094,3.6220
5,measured,417.949,3.6220
5,measured,418.803,3.6220
5,measured,419.658,3.6220
5,measured,420.513,3.6220
5,measured,421.368,3.6220
5,measured,422.222,3.6220
5,measured,423.077,3.6220
5,measured,423.932,3.6159
5,measured,428.205,3.6524
5,measured,429.060,3.6585
5,measured,429.915,3.6585
5,measured,430.769,3.6463
5,measured,431.624,3.6463
5,measured,432.479,3.6463
5,measured,433.333,3.6524
5,measured,434.188,3.6585
5,measured,435.043,3.6585
5,measured,435.897,3.6585
5,measured,436.752,3.6585
5,measured,437.607,3.6585
5,measured,438.462,3.6585
5,measured,439.316,3.6585
5,measured,440.171,3.6524
5,measured,441.026,3.6402
5,measured,442.735,3.6524
5,measured,447.863,3.7744
5,measured,451.282,3.8293
5,measured,452.137,3.8415
5,measured,452.991,3.8659
5,measured,453.846,3.8841
5,measured,454.701,3.8841
5,measured,455.556,3.9329
5,measured,456.410,3.9451
5,measured,457.265,3.9573
5,measured,458.120,3.9756
5,measured,458.974,3.9817
5,measured,459.829,3.9939
5,measured,460.684,4.0183
5,measured,461.538,4.0305
5,measured,464.103,4.0915
5,measured,464.957,4.0976
5,measured,465.812,4.0976
5,measured,466.667,4.1098
5,measured,467.521,4.1159
5,measured,468.376,4.1280
5,measured,469.231,4.1280
5,measured,470.085,4.1524
5,measured,470.940,4.1585
5,measured,471.795,4.1707
5,measured,472.650,4.1890
5,measured,473.504,4.2012
5,measured,474.359,4.1951
5,measured,475.214,4.2073
5,measured,476.068,4.2195
5,measured,476.923,4.2378
5,measured,477.778,4.2500
5,measured,481.197,3.6890
5,measured,482.051,4.2866
5,measured,485.470,4.3171
5,measured,486.325,4.3232
5,measured,487.179,4.3293
5,measured,488.034,4.3293
5,measured,488.889,4.3293
5,measured,489.744,4.3354
5,measured,490.598,4.3415
5,measured,491.453,4.3476
5,measured,492.308,4.3598
5,measured,493.162,4.3659
5,measured,494.017,4.3720
5,measured,494.872,4.3720
5,measured,495.726,4.3780
5,measured,496.581,4.3720
5,measured,497.436,4.3780
5,measured,498.291,4.4024
5,measured,499.145,4.4207
5,measured,500.000,4.4146
5,measured,500.855,4.4085
5,measured,501.709,4.4146
5,measured,502.564,4.4207
5,measured,503.419,4.4329
5,measured,504.274,4.4451
5,measured,505.128,4.4573
5,BISON,5.128,2.9695
5,BISON,5.983,2.9817
5,BISON,6.838,2.9939
5,BISON,7.692,3.0122
5,BISON,8.547,3.0122
5,BISON,9.402,3.0244
5,BISON,10.256,3.0244
5,BISON,13.675,3.0244
5,BISON,14.530,3.0244
5,BISON,15.385,3.0244
5,BISON,16.239,3.0244
5,BISON,17.094,3.0244
5,BISON,17.949,3.0244
5,BISON,18.803,3.0366
5,BISON,19.658,3.0366
5,BISON,20.513,3.0366
5,BISON,21.368,3.0366
5,BISON,22.222,3.0366
5,BISON,23.077,3.0366
5,BISON,23.932,3.0366
5,BISON,24.786,3.0488
5,BISON,25.641,3.0488
5,BISON,26.496,3.0488
5,BISON,27.350,3.0488
5,BISON,28.205,3.0488
5,BISON,29.060,3.0488
5,BISON,29.915,3.0488
5,BISON,30.769,3.0610
5,BISON,31.624,3.0610
5,BISON,32.479,3.0610
5,BISON,33.333,3.0610
5,BISON,34.188,3.0610
5,BISON,35.043,3.0610
5,BISON,35.897,3.0610
5,BISON,36.752,3.0732
5,BISON,37.607,3.0732
5,BISON,38.462,3.0732
5,BISON,39.316,3.0732
5,BISON,40.171,3.0732
5,BISON,41.026,3.0732
5,BISON,41.880,3.0732
5,BISON,42.735,3.0732
5,BISON,43.590,3.0732
5,BISON,44.444,3.0854
5,BISON,45.299,3.0854
5,BISON,46.154,3.0854
5,BISON,47.009,3.0854
5,BISON,47.863,3.0854
5,BISON,48.718,3.0854
5,BISON,49.573,3.0854
5,BISON,50.427,3.0854
5,BISON,51.282,3.0854
5,BISON,52.137,3.0976
5,BISON,52.991,3.0976
5,BISON,53.846,3.0976
5,BISON,54.701,3.0976
5,BISON,55.556,3.0976
5,BISON,56.410,3.0976
5,BISON,57.265,3.0976
5,BISON,58.120,3.0976
5,BISON,58.974,3.0976
5,BISON,61.538,3.1098
5,BISON,62.393,3.1098
5,BISON,63.248,3.1098
5,BISON,64.103,3.1098
5,BISON,64.957,3.1098
5,BISON,65.812,3.1098
5,BISON,66.667,3.1098
5,BISON,67.521,3.1098
5,BISON,68.376,3.1098
5,BISON,69.231,3.1098
5,BISON,70.085,3.1098
5,BISON,70.940,3.1098
5,BISON,71.795,3.1098
5,BISON,72.650,3.1098
5,BISON,73.504,3.1098
5,BISON,74.359,3.1098
5,BISON,75.214,3.1098
5,BISON,76.068,3.1098
5,BISON,76.923,3.1159
5,BISON,77.778,3.1220
5,BISON,78.632,3.1220
5,BISON,79.487,3.1220
5,BISON,80.342,3.1280
5,BISON,81.197,3.1220
5,BISON,82.051,3.1098
5,BISON,82.906,3.1098
5,BISON,83.761,3.1098
5,BISON,84.615,3.1159
5,BISON,85.470,3.1220
5,BISON,86.325,3.1220
5,BISON,87.179,3.1220
5,BISON,88.034,3.1220
5,BISON,88.889,3.1220
5,BISON,89.744,3.1341
5,BISON,90.598,3.1341
5,BISON,91.453,3.1341
5,BISON,92.308,3.1341
5,BISON,93.162,3.1341
5,BISON,94.017,3.1463
5,BISON,94.872,3.1463
5,BISON,97.436,2.7683
5,BISON,101.709,3.0854
5,BISON,102.564,3.0854
5,BISON,103.419,3.0854
5,BISON,104.274,3.0854
5,BISON,105.128,3.0915
5,BISON,105.983,3.0976
5,BISON,106.838,3.0976
5,BISON,107.692,3.0976
5,BISON,108.547,3.0976
5,BISON,109.402,3.0976
5,BISON,110.256,3.0976
5,BISON,111.111,3.1037
5,BISON,111.966,3.1037
5,BISON,113.675,3.0915
5,BISON,114.530,3.0976
5,BISON,115.385,3.0976
5,BISON,116.239,3.1037
5,BISON,117.094,3.1098
5,BISON,117.949,3.1098
5,BISON,118.803,3.1220
5,BISON,119.658,3.1220
5,BISON,120.513,3.1220
5,BISON,121.368,3.1220
5,BISON,122.222,3.1220
5,BISON,123.077,3.1341
5,BISON,123.932,3.1341
5,BISON,124.786,3.1341
5,BISON,125.641,3.1341
5,BISON,126.496,3.1463
5,BISON,127.350,3.1463
5,BISON,128.205,3.1463
5,BISON,129.060,3.1463
5,BISON,129.915,3.1463
5,BISON,130.769,3.1585
5,BISON,131.624,3.1402
5,BISON,133.333,3.1585
5,BISON,134.188,3.1585
5,BISON,135.043,3.1585
5,BISON,135.897,3.1585
5,BISON,136.752,3.1585
5,BISON,137.607,3.1585
5,BISON,138.462,3.1646
5,BISON,139.316,3.1707
5,BISON,140.171,3.1707
5,BISON,141.026,3.1707
5,BISON,141.880,3.1707
5,BISON,142.735,3.1707
5,BISON,143.590,3.1646
5,BISON,145.299,3.1707
5,BISON,147.863,3.1585
5,BISON,148.718,3.1585
5,BISON,149.573,3.1585
5,BISON,150.427,3.1585
5,BISON,151.282,3.1585
5,BISON,152.137,3.1585
5,BISON,152.991,3.1585
5,BISON,153.846,3.1585
5,BISON,156.410,3.1220
5,BISON,157.265,3.1585
5,BISON,158.120,3.1585
5,BISON,158.974,3.1585
5,BISON,159.829,3.1707
5,BISON,160.684,3.1707
5,BISON,161.538,3.1768
5,BISON,164.103,3.1951
5,BISON,164.957,3.1951
5,BISON,165.812,3.1951
5,BISON,166.667,3.1951
5,BISON,167.521,3.1951
5,BISON,168.376,3.1951
5,BISON,169.231,3.1951
5,BISON,170.085,3.1951
5,BISON,172.650,3.1951
5,BISON,173.504,3.1951
5,BISON,174.359,3.1951
5,BISON,175.214,3.1951
5,BISON,176.068,3.1951
5,BISON,176.923,3.1951
5,BISON,177.778,3.1951
5,BISON,178.632,3.1951
5,BISON,179.487,3.1951
5,BISON,180.342,3.2012
5,BISON,181.197,3.2073
5,BISON,182.051,3.2073
5,BISON,182.906,3.2073
5,BISON,183.761,3.2073
5,BISON,184.615,3.2073
5,BISON,185.470,3.2073
5,BISON,186.325,3.2073
5,BISON,187.179,3.2073
5,BISON,188.034,3.2073
5,BISON,188.889,3.2073
5,BISON,189.744,3.2073
5,BISON,190.598,3.1829
5,BISON,192.308,2.5732
5,BISON,196.581,3.1646
5,BISON,197.436,3.1707
5,BISON,198.291,3.1829
5,BISON,199.145,3.1829
5,BISON,200.000,3.1951
5,BISON,200.855,3.1951
5,BISON,201.709,3.2073
5,BISON,202.564,3.2073
5,BISON,203.419,3.2134
5,BISON,204.274,3.2073
5,BISON,205.128,3.2073
5,BISON,205.983,3.2073
5,BISON,206.838,3.2195
5,BISON,207.692,3.2195
5,BISON,208.547,3.2317
5,BISON,211.111,3.1890
5,BISON,211.966,3.1707
5,BISON,212.821,3.1341
5,BISON,215.385,3.2561
5,BISON,216.239,3.2561
5,BISON,217.094,3.2561
5,BISON,217.949,3.2683
5,BISON,218.803,3.2683
5,BISON,219.658,3.2683
5,BISON,220.513,3.2683
5,BISON,221.368,3.2683
5,BISON,222.222,3.2683
5,BISON,223.077,3.2683
5,BISON,223.932,3.2683
5,BISON,224.786,3.2683
5,BISON,225.641,3.2683
5,BISON,226.496,3.2805
5,BISON,227.350,3.2805
5,BISON,228.205,3.2805
5,BISON,229.060,3.2805
5,BISON,229.915,3.2805
5,BISON,230.769,3.2805
5,BISON,231.624,3.2805
5,BISON,232.479,3.2866
5,BISON,233.333,3.2927
5,BISON,234.188,3.2927
5,BISON,235.043,3.2927
5,BISON,235.897,3.2927
5,BISON,236.752,3.2927
5,BISON,237.607,3.2927
5,BISON,238.462,3.2927
5,BISON,239.316,3.3049
5,BISON,240.171,3.3049
5,BISON,241.026,3.3049
5,BISON,241.880,3.3049
5,BISON,242.735,3.3049
5,BISON,243.590,3.3049
5,BISON,244.444,3.3171
5,BISON,247.009,3.3293
5,BISON,247.863,3.3293
5,BISON,248.718,3.3293
5,BISON,249.573,3.3293
5,BISON,250.427,3.3293
5,BISON,251.282,3.3293
5,BISON,252.137,3.3415
5,BISON,252.991,3.3415
5,BISON,253.846,3.3415
5,BISON,257.265,3.3659
5,BISON,258.120,3.3659
5,BISON,258.974,3.3659
5,BISON,259.829,3.3659
5,BISON,260.684,3.3659
5,BISON,261.538,3.3659
5,BISON,262.393,3.3659
5,BISON,263.248,3.3659
5,BISON,264.103,3.3659
5,BISON,264.957,3.3659
5,BISON,265.812,3.3659
5,BISON,266.667,3.3659
5,BISON,267.521,3.3659
5,BISON,268.376,3.3720
5,BISON,269.231,3.3476
5,BISON,270.940,2.7988
5,BISON,271.795,2.7622
5,BISON,272.650,2.6890
5,BISON,277.778,3.2927
5,BISON,278.632,3.3293
5,BISON,282.906,3.4756
5,BISON,283.761,3.4756
5,BISON,284.615,3.4756
5,BISON,285.470,3.4756
5,BISON,286.325,3.4756
5,BISON,287.179,3.4756
5,BISON,288.034,3.4756
5,BISON,288.889,3.4756
5,BISON,289.744,3.4756
5,BISON,290.598,3.4756
5,BISON,291.453,3.4756
5,BISON,292.308,3.4756
5,BISON,293.162,3.4756
5,BISON,294.017,3.4756
5,BISON,294.872,3.4756
5,BISON,295.726,3.4756
5,BISON,296.581,3.4756
5,BISON,297.436,3.4756
5,BISON,298.291,3.4756
5,BISON,299.145,3.4756
5,BISON,300.000,3.4756
5,BISON,300.855,3.4756
5,BISON,301.709,3.4756
5,BISON,302.564,3.4756
5,BISON,303.419,3.4756
5,BISON,304.274,3.4756
5,BISON,305.128,3.4756
5,BISON,305.983,3.4756
5,BISON,306.838,3.4756
5,BISON,307.692,3.4695
5,BISON,308.547,3.4634
5,BISON,309.402,3.4634
5,BISON,310.256,3.4634
5,BISON,311.111,3.4634
5,BISON,311.966,3.4634
5,BISON,316.239,3.4817
5,BISON,317.094,3.5427
5,BISON,317.949,3.5488
5,BISON,318.803,3.5488
5,BISON,319.658,3.5488
5,BISON,320.513,3.5488
5,BISON,321.368,3.5488
5,BISON,322.222,3.5488
5,BISON,323.077,3.5488
5,BISON,323.932,3.5488
5,BISON,324.786,3.5610
5,BISON,325.641,3.5610
5,BISON,326.496,3.5610
5,BISON,327.350,3.5610
5,BISON,328.205,3.5610
5,BISON,329.060,3.5610
5,BISON,332.479,3.6220
5,BISON,333.333,3.6220
5,BISON,334.188,3.6220
5,BISON,335.043,3.6220
5,BISON,335.897,3.6220
5,BISON,336.752,3.6220
5,BISON,337.607,3.6220
5,BISON,338.462,3.6220
5,BISON,339.316,3.6220
5,BISON,340.171,3.6220
5,BISON,341.026,3.6220
5,BISON,341.880,3.6220
5,BISON,342.735,3.6280
5,BISON,346.154,2.6890
5,BISON,347.009,2.7073
5,BISON,347.863,2.7317
5,BISON,348.718,2.7744
5,BISON,349.573,2.8415
5,BISON,352.137,3.5976
5,BISON,352.991,3.6098
5,BISON,353.846,3.6159
5,BISON,354.701,3.6220
5,BISON,355.556,3.6280
5,BISON,356.410,3.6341
5,BISON,357.265,3.6402
5,BISON,358.120,3.6463
5,BISON,358.974,3.6463
5,BISON,359.829,3.6524
5,BISON,362.393,3.6890
5,BISON,363.248,3.6951
5,BISON,364.103,3.6951
5,BISON,364.957,3.6951
5,BISON,365.812,3.6951
5,BISON,366.667,3.6951
5,BISON,367.521,3.6951
5,BISON,368.376,3.6951
5,BISON,369.231,3.6951
5,BISON,370.085,3.6951
5,BISON,370.940,3.7073
5,BISON,371.795,3.7012
5,BISON,375.214,3.7134
5,BISON,376.068,3.7561
5,BISON,376.923,3.7561
5,BISON,377.778,3.7561
5,BISON,378.632,3.7561
5,BISON,379.487,3.7500
5,BISON,382.906,3.7561
5,BISON,383.761,3.7927
5,BISON,384.615,3.7927
5,BISON,385.470,3.7927
5,BISON,386.325,3.7927
5,BISON,387.179,3.8049
5,BISON,388.034,3.8049
5,BISON,388.889,3.8049
5,BISON,389.744,3.8049
5,BISON,390.598,3.8049
5,BISON,391.453,3.8049
5,BISON,392.308,3.8049
5,BISON,393.162,3.8049
5,BISON,394.017,3.8049
5,BISON,394.872,3.8049
5,BISON,395.726,3.8049
5,BISON,396.581,3.8049
5,BISON,397.436,3.8049
5,BISON,400.000,3.1707
5,BISON,401.709,3.4146
5,BISON,402.564,3.4634
5,BISON,403.419,3.5000
5,BISON,404.274,3.5427
5,BISON,407.692,3.8963
5,BISON,408.547,3.8841
5,BISON,409.402,3.8293
5,BISON,410.256,3.7683
5,BISON,411.966,3.8841
5,BISON,412.821,3.9024
5,BISON,413.675,3.9024
5,BISON,414.530,3.9024
5,BISON,415.385,3.9024
5,BISON,416.239,3.9024
5,BISON,417.094,3.9024
5,BISON,417.949,3.9024
5,BISON,418.803,3.9024
5,BISON,419.658,3.9024
5,BISON,420.513,3.9024
5,BISON,421.368,3.9024
5,BISON,422.222,3.9024
5,BISON,423.077,3.9024
5,BISON,423.932,3.9085
5,BISON,427.350,3.9390
5,BISON,428.205,3.9390
5,BISON,429.060,3.9390
5,BISON,429.915,3.9390
5,BISON,430.769,3.9390
5,BISON,431.624,3.9268
5,BISON,432.479,3.9268
5,BISON,433.333,3.9268
5,BISON,434.188,3.9268
5,BISON,435.043,3.9268
5,BISON,435.897,3.9146
5,BISON,436.752,3.9146
5,BISON,437.607,3.9146
5,BISON,438.462,3.9146
5,BISON,439.316,3.9024
5,BISON,440.171,3.9024
5,BISON,441.026,3.9024
5,BISON,441.880,3.8963
5,BISON,442.735,3.8293
5,BISON,447.009,3.9817
5,BISON,447.863,3.6159
5,BISON,448.718,3.6890
5,BISON,451.282,4.1951
5,BISON,452.137,4.2012
5,BISON,452.991,4.2073
5,BISON,453.846,4.2195
5,BISON,454.701,4.2317
5,BISON,455.556,4.2317
5,BISON,456.410,4.2439
5,BISON,457.265,4.2439
5,BISON,458.120,4.2561
5,BISON,458.974,4.2561
5,BISON,459.829,4.2561
5,BISON,460.684,4.2683
5,BISON,461.538,4.2683
5,BISON,464.103,4.3720
5,BISON,464.957,4.3780
5,BISON,465.812,4.3780
5,BISON,466.667,4.3841
5,BISON,467.521,4.3902
5,BISON,468.376,4.3902
5,BISON,469.231,4.3902
5,BISON,470.085,4.4024
5,BISON,470.940,4.4024
5,BISON,471.795,4.4024
5,BISON,472.650,4.4146
5,BISON,473.504,4.4146
5,BISON,474.359,4.4146
5,BISON,475.214,4.4146
5,BISON,476.068,4.4207
5,BISON,476.923,4.4268
5,BISON,477.778,4.4268
5,BISON,482.051,4.5000
5,BISON,485.470,4.4756
5,BISON,486.325,4.4817
5,BISON,487.179,4.4878
5,BISON,488.034,4.4878
5,BISON,488.889,4.5000
5,BISON,489.744,4.5000
5,BISON,490.598,4.5000
5,BISON,491.453,4.5122
5,BISON,492.308,4.5122
5,BISON,493.162,4.5244
5,BISON,494.017,4.5244
5,BISON,494.872,4.5305
5,BISON,495.726,4.5366
5,BISON,496.581,4.5427
5,BISON,497.436,4.5488
5,BISON,498.291,4.5610
5,BISON,499.145,4.5671
5,BISON,500.000,4.5793
5,BISON,500.855,4.5854
5,BISON,501.709,4.5976
5,BISON,502.564,4.6159
5,BISON,503.419,4.6280
5,BISON,504.274,4.6402
5,BISON,505.128,4.6524
