# IFA-716.1 rod 1, fission gas release inferred from the rod pressure,
# digitised from the raster Fig. 16 of CASL-U-2019-1870-000 Rev. 0.
burnup_MWd_per_kgU,fgr_percent
20.3026,0.037
20.3191,0.043
20.3355,0.061
20.3520,0.073
20.3684,0.098
20.3849,0.110
20.4013,0.128
20.4178,0.146
20.4342,0.171
20.4507,0.189
20.4671,0.207
20.4836,0.232
20.5000,0.244
20.5164,0.268
20.5329,0.287
20.5493,0.311
20.5658,0.335
20.5822,0.372
20.5987,0.396
20.6151,0.427
20.6316,0.457
20.6480,0.500
20.6645,0.530
20.6809,0.573
20.6974,0.610
20.7138,0.646
20.7303,0.683
20.7467,0.732
20.7632,0.774
20.7796,0.823
20.7961,0.866
20.8125,0.902
20.8289,0.945
20.8454,0.988
20.8618,1.024
20.8783,1.055
20.8947,1.079
20.9112,1.110
20.9276,1.140
20.9441,1.165
20.9605,1.177
20.9770,1.238
20.9934,1.250
21.0099,1.274
21.0263,1.299
21.0428,1.323
21.0592,1.348
21.0757,1.384
21.0921,1.427
21.1086,1.476
21.1250,1.518
21.1414,1.561
21.1579,1.591
21.1743,1.616
21.1908,1.640
21.2072,1.665
21.2237,1.689
21.2401,1.713
21.2566,1.750
21.2730,1.787
21.2895,1.835
21.3059,1.884
21.3224,1.921
21.3388,1.957
21.3553,1.994
21.3717,2.006
21.3882,2.000
21.4046,2.006
21.4211,2.122
21.4375,2.183
21.4539,2.226
21.4704,2.268
21.4868,2.299
21.5033,2.323
21.5197,2.341
21.5362,2.360
21.5526,2.372
21.5691,2.378
21.5855,2.390
21.6020,2.396
21.6184,2.415
21.6349,2.439
21.6513,2.476
21.6678,2.506
21.6842,2.524
21.7007,2.549
21.7171,2.561
21.7336,2.573
21.7500,2.591
21.7664,2.628
21.7829,2.543
21.7993,2.543
21.8158,2.616
21.8322,2.677
21.8487,2.720
21.8651,2.750
21.8816,2.774
21.8980,2.805
21.9145,2.829
21.9309,2.848
21.9474,2.866
21.9638,2.890
21.9803,2.909
21.9967,2.933
22.0132,2.957
22.0296,2.988
22.0461,3.055
22.0625,3.091
22.0789,3.128
22.0954,3.152
22.1118,3.183
22.1283,3.195
22.1447,3.207
22.1612,3.226
22.1776,3.244
22.1941,3.256
22.2105,3.274
22.2270,3.293
22.2434,3.305
22.2599,3.317
22.2763,3.323
22.2928,3.335
22.3092,3.341
22.3257,3.348
22.3421,3.348
22.3586,3.360
22.3750,3.360
22.3914,3.372
22.4079,3.415
22.4243,3.360
22.4408,3.360
22.4572,3.378
22.4737,3.415
22.4901,3.445
22.5066,3.463
22.5230,3.488
22.5395,3.506
22.5559,3.518
22.5724,3.518
22.5888,3.524
22.6053,3.530
22.6217,3.537
22.6382,3.543
22.6546,3.555
22.6711,3.567
22.6875,3.567
22.7039,3.530
22.7204,3.476
22.7368,3.457
22.7533,3.530
22.7697,3.628
22.7862,3.695
22.8026,3.738
22.8191,3.768
22.8355,3.799
22.8520,3.823
22.8684,3.854
22.8849,3.860
22.9013,3.872
22.9178,3.872
22.9342,3.878
22.9507,3.884
22.9671,3.884
22.9836,3.884
23.0000,3.884
23.0164,3.884
23.0329,3.884
23.0493,3.878
23.0658,3.872
23.0822,3.872
23.0987,3.872
23.1151,3.872
23.1316,3.872
23.1480,3.872
23.1645,3.872
23.1809,3.872
23.1974,3.860
23.2138,3.860
23.2303,3.860
23.2467,3.860
23.2632,3.860
23.2796,3.872
23.2961,3.872
23.3125,3.872
23.3289,3.872
23.3454,3.872
23.3618,3.872
23.3783,3.878
23.3947,3.872
23.4112,3.872
23.4276,3.872
23.4441,3.866
23.4605,3.866
23.4770,3.860
23.4934,3.860
23.5099,3.884
23.5263,3.902
23.5428,3.927
23.5592,3.939
23.5757,3.951
23.5921,3.963
23.6086,3.970
23.6250,3.976
23.6414,3.976
23.6579,3.976
23.6743,3.970
23.6908,3.982
23.7072,3.982
23.7237,3.982
23.7401,3.982
23.7566,3.982
23.7730,3.982
23.7895,3.982
23.8059,3.982
23.8224,3.982
23.8388,3.982
23.8553,3.976
23.8717,3.976
23.8882,3.970
23.9046,3.841
23.9211,3.805
23.9375,3.884
23.9539,3.902
23.9704,3.909
23.9868,3.921
24.0033,3.921
24.0197,3.927
24.0362,3.933
24.0526,3.933
24.0691,3.921
24.0855,3.902
24.1020,3.896
24.1184,3.896
24.1349,3.909
24.1513,3.921
24.1678,3.933
24.1842,3.939
24.2007,3.945
24.2171,3.945
24.2336,3.945
24.2500,3.945
24.2664,3.945
24.2829,3.945
24.2993,3.939
24.3158,3.939
24.3322,3.945
24.3487,3.951
24.3651,3.957
24.3816,3.957
24.3980,3.957
24.4145,4.073
24.4309,3.957
24.4474,3.951
24.4638,3.799
24.4803,3.762
24.4967,3.823
24.5132,3.841
24.5296,3.854
24.5461,3.866
24.5625,3.866
24.5789,3.872
24.5954,3.872
24.6118,3.872
24.6283,3.872
24.6447,3.872
24.6612,3.866
24.6776,3.854
24.6941,3.854
24.7105,3.872
24.7270,3.872
24.7434,3.872
24.7599,3.872
24.7763,3.860
24.7928,3.866
24.8092,3.896
24.8257,3.909
24.8421,3.902
24.8586,3.915
24.8750,3.927
24.8914,3.939
24.9079,3.945
24.9243,3.951
24.9408,3.951
24.9572,3.957
24.9737,3.957
24.9901,3.951
25.0066,3.945
25.0230,3.957
25.0395,3.970
25.0559,3.982
25.0724,3.994
25.0888,3.994
25.1053,3.994
25.1217,3.982
25.1382,3.982
25.1546,3.982
25.1711,3.982
25.1875,3.982
25.2039,3.982
25.2204,3.970
25.2368,3.976
25.2533,4.012
25.2697,4.018
25.2862,4.030
25.3026,4.018
25.3191,4.018
25.3355,4.018
25.3520,4.018
25.3684,4.018
25.3849,4.018
25.4013,4.018
25.4178,4.018
25.4342,4.018
25.4507,4.024
25.4671,4.030
25.4836,4.030
25.5000,4.037
25.5164,4.043
25.5329,4.043
25.5493,4.049
25.5658,4.055
25.5822,4.055
25.5987,4.055
25.6151,4.061
25.6316,4.067
25.6480,4.067
25.6645,4.067
25.6809,4.067
25.6974,4.067
25.7138,4.067
25.7303,4.073
25.7467,4.079
25.7632,4.079
25.7796,4.091
25.7961,4.098
25.8125,4.104
25.8289,4.110
25.8454,4.116
25.8618,4.122
25.8783,4.128
25.8947,4.146
25.9112,4.171
25.9276,4.183
25.9441,4.207
25.9605,4.220
25.9770,4.244
25.9934,4.256
26.0099,4.274
26.0263,4.287
26.0428,4.299
26.0592,4.317
26.0757,4.335
26.0921,4.354
26.1086,4.378
26.1250,4.402
26.1414,4.421
26.1579,4.445
26.1743,4.470
26.1908,4.488
26.2072,4.506
26.2237,4.524
26.2401,4.537
26.2566,4.549
26.2730,4.567
26.2895,4.579
26.3059,4.591
26.3224,4.604
26.3388,4.622
26.3553,4.640
26.3717,4.659
26.3882,4.683
26.4046,4.695
26.4211,4.707
26.4375,4.713
26.4539,4.726
26.4704,4.738
26.4868,4.738
26.5033,4.750
26.5197,4.762
26.5362,4.860
26.5526,4.872
26.5691,4.970
26.5855,4.994
26.6020,5.006
26.6184,5.000
26.6349,4.994
26.6513,4.988
26.6678,4.982
26.6842,4.982
26.7007,4.982
26.7171,4.982
26.7336,4.994
26.7500,4.994
26.7664,5.006
26.7829,5.018
26.7993,5.024
26.8158,5.043
26.8322,5.061
26.8487,5.073
26.8651,5.091
26.8816,5.104
26.8980,5.116
26.9145,5.183
26.9309,5.226
26.9474,5.268
26.9638,5.280
26.9803,5.287
26.9967,5.293
27.0132,5.293
27.0296,5.287
27.0461,5.317
27.0625,5.323
27.0789,5.348
27.0954,5.360
27.1118,5.366
27.1283,5.372
27.1447,5.384
27.1612,5.396
27.1776,5.396
27.1941,5.402
27.2105,5.402
27.2270,5.409
27.2434,5.409
27.2599,5.402
27.2763,5.402
27.2928,5.396
27.3092,5.396
27.3257,5.390
27.3421,5.390
27.3586,5.396
27.3750,5.396
27.3914,5.415
27.4079,5.427
27.4243,5.445
27.4408,5.457
27.4572,5.463
27.4737,5.482
27.4901,5.476
27.5066,5.470
27.5230,5.470
27.5395,5.482
27.5559,5.488
27.5724,5.494
27.5888,5.494
27.6053,5.494
27.6217,5.494
27.6382,5.494
27.6546,5.482
27.6711,5.482
27.6875,5.482
27.7039,5.482
27.7204,5.470
27.7368,5.470
27.7533,5.549
27.7697,5.549
27.7862,5.524
27.8026,5.543
27.8191,5.555
27.8355,5.561
27.8520,5.598
27.8684,5.591
