# IFA-716.1 rod 1, rod average linear heat rate, digitised from the raster
# Fig. 8(b) of CASL-U-2019-1870-000 Rev. 0.
# frame: columns 63-671, rows 19-511 of the image
time_days,linear_heat_rate_kW_per_m
3.454,30.02
4.605,30.02
5.757,30.02
6.908,26.214
8.059,26.499
9.211,26.712
10.362,26.926
11.513,27.21
12.664,27.424
13.816,27.637
14.967,27.922
16.118,28.135
17.27,28.42
18.421,31.977
19.572,31.977
20.724,30.554
21.875,32.048
23.026,33.755
24.178,33.826
25.329,26.286
26.48,26.499
27.632,26.784
28.783,26.997
29.934,27.282
31.086,27.566
32.237,27.851
33.388,28.064
34.539,28.349
35.691,28.633
36.842,28.918
37.993,28.918
39.145,28.491
40.296,28.42
41.447,28.42
42.599,28.42
43.75,28.349
44.901,28.349
46.053,28.349
47.204,28.277
48.355,28.277
49.507,28.277
50.658,28.206
51.809,28.206
52.961,28.206
54.112,28.206
55.263,28.135
56.414,28.135
57.566,28.135
58.717,28.064
59.868,28.064
61.02,28.064
62.171,27.993
63.322,27.993
64.474,27.993
65.625,27.922
66.776,27.922
67.928,27.922
69.079,27.922
70.23,27.851
71.382,27.851
72.533,27.851
73.684,27.779
74.836,27.637
75.987,28.135
77.138,28.491
78.289,28.491
79.441,28.491
80.592,27.495
81.743,28.633
82.895,28.633
84.046,28.633
85.197,28.562
86.349,28.562
87.5,28.491
88.651,28.491
89.803,28.42
90.954,28.42
92.105,28.349
93.257,28.349
94.408,28.277
95.559,28.277
96.711,26.926
97.862,26.926
99.013,26.926
100.164,26.926
101.316,26.926
102.467,26.926
103.618,26.926
104.77,26.926
105.921,26.961
107.072,26.997
108.224,26.997
109.375,26.997
110.526,26.997
111.678,26.997
112.829,26.997
113.98,26.997
115.132,26.997
116.283,26.997
117.434,27.068
118.586,27.068
119.737,27.068
120.888,30.625
122.039,30.696
123.191,30.767
124.342,30.838
125.493,30.838
126.645,30.91
127.796,30.981
128.947,30.981
130.099,30.91
131.25,30.554
132.401,30.483
133.553,30.412
134.704,30.34
135.855,30.269
137.007,30.198
138.158,30.127
139.309,30.056
140.461,29.985
141.612,29.914
142.763,29.842
143.914,29.771
145.066,29.7
146.217,29.629
147.368,29.558
148.52,29.487
149.671,29.416
150.822,29.345
151.974,29.273
153.125,29.202
154.276,29.131
155.428,28.775
156.579,28.633
157.73,28.562
158.882,28.42
160.033,28.277
161.184,23.44
162.336,20.95
163.487,21.946
164.638,22.871
165.789,23.867
166.941,24.863
168.092,25.788
169.243,26.784
170.395,27.779
171.546,28.704
172.697,29.7
173.849,30.198
175.0,30.198
176.151,27.21
177.303,27.566
178.454,28.135
179.605,28.704
180.757,29.273
181.908,29.842
183.059,30.198
184.211,30.198
185.362,28.42
186.513,28.633
187.664,28.847
188.816,29.131
189.967,29.345
191.118,29.558
192.27,29.558
193.421,29.202
194.572,29.273
195.724,29.345
196.875,29.416
198.026,29.487
199.178,29.558
200.329,31.194
201.48,31.265
202.632,31.194
203.783,28.918
204.934,28.847
206.086,28.775
207.237,28.704
208.388,28.633
209.539,28.562
210.691,28.491
211.842,28.42
212.993,28.349
214.145,28.349
215.296,28.277
216.447,28.206
217.599,28.135
218.75,28.064
219.901,27.993
221.053,27.922
222.204,27.851
223.355,27.779
224.507,27.708
225.658,27.637
226.809,27.566
227.961,27.495
229.112,27.424
230.263,27.353
231.414,27.282
232.566,27.21
233.717,27.139
234.868,27.068
236.02,27.068
237.171,26.997
238.322,26.926
239.474,26.855
240.625,26.784
241.776,27.424
242.928,27.353
244.079,27.21
245.23,27.139
246.382,26.997
247.533,26.855
248.684,26.712
249.836,26.57
250.987,26.499
252.138,26.357
253.289,26.214
254.441,26.072
255.592,25.93
256.743,25.788
257.895,25.716
259.046,25.574
260.197,25.503
261.349,25.859
262.5,25.93
263.651,26.001
264.803,26.001
265.954,26.072
267.105,26.143
268.257,26.143
269.408,26.214
270.559,26.214
271.711,26.286
272.862,26.286
274.013,25.147
275.164,25.076
276.316,25.076
277.467,25.076
278.618,25.076
279.77,25.076
280.921,25.076
282.072,25.076
283.224,25.076
284.375,25.076
285.526,25.076
286.678,25.076
287.829,25.076
288.98,25.076
290.132,25.076
291.283,25.041
292.434,25.005
293.586,25.005
294.737,25.005
295.888,25.005
297.039,25.005
298.191,25.005
299.342,25.005
300.493,25.005
301.645,25.005
302.796,25.005
303.947,25.005
305.099,25.005
306.25,25.005
307.401,25.076
308.553,25.147
309.704,25.076
310.855,25.076
312.007,25.005
313.158,24.934
314.309,24.934
315.461,24.863
316.612,28.206
317.763,28.277
318.914,28.206
320.066,27.424
321.217,26.712
322.368,26.357
323.52,26.428
324.671,26.499
325.822,26.57
326.974,26.641
328.125,26.712
329.276,26.784
330.428,26.855
331.579,26.926
332.73,27.21
333.882,27.21
335.033,27.21
336.184,26.855
337.336,26.57
338.487,26.286
339.638,25.93
340.789,25.788
341.941,26.214
343.092,26.57
344.243,26.57
345.395,22.658
346.546,23.155
347.697,23.796
348.849,24.436
350.0,25.076
351.151,25.716
352.303,26.357
353.454,26.855
354.605,26.855
355.757,24.863
356.908,24.934
358.059,25.005
359.211,25.147
360.362,25.218
361.513,25.29
362.664,25.361
363.816,25.432
364.967,25.147
366.118,25.005
367.27,24.863
368.421,24.721
369.572,24.649
370.724,24.578
371.875,24.649
373.026,24.934
374.178,24.934
375.329,24.721
376.48,24.436
377.632,24.223
378.783,24.223
379.934,24.223
381.086,24.151
382.237,24.151
383.388,24.08
384.539,24.08
385.691,24.009
386.842,24.009
387.993,23.938
389.145,23.938
390.296,23.867
391.447,23.867
392.599,23.796
393.75,23.796
394.901,23.725
396.053,23.725
397.204,23.653
398.355,23.653
399.507,23.582
400.658,23.582
401.809,23.511
402.961,23.511
404.112,23.44
405.263,23.44
406.414,23.369
407.566,23.369
408.717,23.298
409.868,23.298
411.02,23.227
412.171,23.227
413.322,23.155
414.474,23.155
415.625,23.013
416.776,22.871
417.928,22.8
419.079,22.658
420.23,22.515
421.382,22.444
422.533,25.29
423.684,25.29
424.836,25.147
425.987,25.005
427.138,24.863
428.289,24.721
429.441,24.578
430.592,24.436
431.743,24.294
432.895,24.151
434.046,24.009
435.197,23.867
436.349,23.725
437.5,23.582
438.651,23.44
439.803,23.298
440.954,14.05
442.105,16.397
443.257,18.674
444.408,23.511
445.559,24.436
446.711,25.361
447.862,26.214
449.013,26.997
450.164,27.922
451.316,28.064
452.467,28.206
453.618,28.349
454.77,28.491
455.921,28.633
457.072,28.775
458.224,28.918
459.375,29.06
460.526,29.202
461.678,29.345
462.829,29.487
463.98,29.629
465.132,29.771
466.283,29.914
467.434,30.056
468.586,30.198
469.737,30.34
470.888,30.483
472.039,30.625
473.191,30.767
474.342,30.91
475.493,31.052
476.645,31.194
477.796,31.336
478.947,31.336
480.099,31.336
481.25,29.914
482.401,29.985
483.553,29.985
484.704,30.056
485.855,30.127
487.007,30.198
488.158,30.056
489.309,29.7
490.461,29.985
491.612,30.127
492.763,30.056
493.914,29.629
495.066,29.558
496.217,29.487
497.368,29.345
498.52,29.273
499.671,29.202
500.822,29.202
501.974,29.202
503.125,29.202
504.276,29.273
505.428,29.273
506.579,29.202
507.73,25.574
508.882,25.645
510.033,25.716
511.184,25.716
512.336,25.788
513.487,25.859
514.638,25.93
515.789,26.001
516.941,26.001
518.092,26.072
519.243,26.143
520.395,26.214
521.546,26.286
522.697,26.286
523.849,26.428
525.0,26.57
526.151,26.499
527.303,26.357
528.454,26.214
529.605,26.072
530.757,25.93
531.908,25.788
533.059,25.645
534.211,25.574
535.362,26.428
536.513,26.499
537.664,26.499
538.816,26.57
539.967,26.57
541.118,26.641
542.27,26.641
543.421,26.641
544.572,26.712
545.724,26.712
546.875,26.784
548.026,26.784
549.178,6.865
550.329,6.296
551.48,5.655
552.632,5.086
553.783,4.517
554.934,3.877
556.086,3.592
557.237,27.353
558.388,27.353
559.539,27.139
560.691,26.926
561.842,26.712
562.993,26.855
564.145,27.068
565.296,27.424
566.447,27.708
567.599,27.708
568.75,27.708
569.901,27.779
571.053,27.779
572.204,27.779
573.355,27.779
574.507,27.779
575.658,27.779
576.809,27.779
577.961,27.851
579.112,27.851
580.263,27.851
581.414,27.851
582.566,27.851
583.717,27.851
584.868,27.851
586.02,27.851
587.171,27.922
588.322,27.922
589.474,27.922
590.625,27.922
591.776,27.922
592.928,27.922
594.079,27.922
595.23,27.922
596.382,27.566
597.533,27.566
598.684,27.566
599.836,27.637
600.987,27.637
602.138,27.708
603.289,27.708
604.441,27.566
605.592,27.708
606.743,27.708
607.895,26.926
609.046,26.712
610.197,26.499
611.349,26.357
612.5,26.143
613.651,25.93
614.803,25.788
615.954,25.574
617.105,25.361
618.257,25.218
619.408,25.005
620.559,24.863
621.711,24.863
622.862,24.934
624.013,24.863
625.164,17.678
626.316,18.958
627.467,20.381
628.618,21.804
629.77,23.298
630.921,24.721
632.072,26.143
633.224,27.637
634.375,27.851
635.526,27.851
636.678,27.851
637.829,27.779
638.98,27.779
640.132,27.779
641.283,27.708
642.434,27.708
643.586,27.708
644.737,27.637
645.888,27.637
647.039,27.637
648.191,27.566
649.342,27.566
650.493,27.566
651.645,27.566
652.796,27.495
653.947,27.495
655.099,27.495
656.25,27.424
657.401,27.424
658.553,27.424
659.704,27.353
660.855,27.353
662.007,27.353
663.158,27.282
664.309,27.282
665.461,27.282
666.612,27.21
667.763,27.21
668.914,27.21
670.066,27.139
671.217,27.139
672.368,27.139
673.52,27.068
674.671,27.068
675.822,27.068
676.974,26.997
678.125,26.997
679.276,27.566
680.428,27.637
681.579,27.566
682.73,27.424
683.882,27.282
685.033,27.21
686.184,27.21
687.336,27.139
688.487,27.068
689.638,27.068
690.789,26.997
691.941,26.926
693.092,26.926
694.243,26.855
