# IFA-716.1 rod 1, fission gas release calculated by BISON (black line
# of Fig. 16 of CASL-U-2019-1870-000 Rev. 0).
burnup_MWd_per_kgU,fgr_percent
18.0493,1.043
18.0658,1.043
18.0822,1.037
18.0987,1.037
18.1151,1.037
18.1316,1.037
18.1480,1.037
18.1645,1.037
18.1809,1.030
18.1974,1.030
18.2138,1.030
18.2303,1.030
18.2467,1.030
18.2632,1.030
18.2796,1.030
18.2961,1.030
18.3125,1.024
18.3289,1.024
18.3454,1.024
18.3618,1.024
18.3783,1.024
18.3947,1.024
18.4112,1.024
18.4276,1.018
18.4441,1.037
18.4605,1.043
18.4770,1.061
18.4934,1.061
18.5099,1.061
18.5263,1.061
18.5428,1.061
18.5592,1.061
18.5757,1.061
18.5921,1.055
18.6086,1.055
18.6250,1.055
18.6414,1.055
18.6579,1.055
18.6743,1.055
18.6908,1.055
18.7072,1.055
18.7237,1.055
18.7401,1.055
18.7566,1.055
18.7730,1.055
18.7895,1.073
18.8059,1.091
18.8224,1.091
18.8388,1.091
18.8553,1.085
18.8717,1.085
18.8882,1.085
18.9046,1.085
18.9211,1.085
18.9375,1.085
18.9539,1.085
18.9704,1.085
18.9868,1.085
19.0033,1.085
19.0197,1.085
19.0362,1.079
19.0526,1.079
19.0691,1.079
19.0855,1.079
19.1020,1.079
19.1184,1.079
19.1349,1.079
19.1513,1.079
19.1678,1.079
19.1842,1.079
19.2007,1.079
19.2171,1.079
19.2336,1.079
19.2500,1.073
19.2664,1.073
19.2829,1.073
19.2993,1.073
19.3158,1.073
19.3322,1.073
19.3487,1.073
19.3651,1.073
19.3816,1.073
19.3980,1.073
19.4145,1.073
19.4309,1.067
19.4474,1.067
19.4638,1.067
19.4803,1.079
19.4967,1.098
19.5132,1.116
19.5296,1.116
19.5461,1.116
19.5625,1.122
19.5789,1.128
19.5954,1.134
19.6118,1.134
19.6283,1.134
19.6447,1.128
19.6612,1.128
19.6776,1.128
19.6941,1.128
19.7105,1.128
19.7270,1.128
19.7434,1.128
19.7599,1.122
19.7763,1.122
19.7928,1.159
19.8092,1.165
19.8257,1.201
19.8421,1.201
19.8586,1.201
19.8750,1.201
19.8914,1.195
19.9079,1.195
19.9243,1.195
19.9408,1.195
19.9572,1.195
19.9737,1.195
19.9901,1.189
20.0066,1.189
20.0230,1.189
20.0395,1.189
20.0559,1.189
20.0724,1.189
20.0888,1.189
20.1053,1.189
20.1217,1.189
20.1382,1.189
20.1546,1.189
20.1711,1.189
20.1875,1.189
20.2039,1.183
20.2204,1.183
20.2368,1.183
20.2533,1.183
20.2697,1.183
20.2862,1.183
20.3026,1.183
20.3191,1.183
20.3355,1.183
20.3520,1.183
20.3684,1.183
20.3849,1.183
20.4013,1.183
20.4178,1.183
20.4342,1.183
20.4507,1.183
20.4671,1.183
20.4836,1.183
20.5000,1.183
20.5164,1.183
20.5329,1.183
20.5493,1.183
20.5658,1.183
20.5822,1.183
20.5987,1.183
20.6151,1.183
20.6316,1.183
20.6480,1.183
20.6645,1.183
20.6809,1.183
20.6974,1.189
20.7138,1.189
20.7303,1.189
20.7467,1.189
20.7632,1.189
20.7796,1.195
20.7961,1.195
20.8125,1.195
20.8289,1.195
20.8454,1.201
20.8618,1.201
20.8783,1.201
20.8947,1.201
20.9112,1.201
20.9276,1.201
20.9441,1.207
20.9605,1.207
20.9770,1.213
20.9934,1.213
21.0099,1.220
21.0263,1.220
21.0428,1.226
21.0592,1.226
21.0757,1.232
21.0921,1.238
21.1086,1.238
21.1250,1.244
21.1414,1.250
21.1579,1.250
21.1743,1.256
21.1908,1.262
21.2072,1.262
21.2237,1.262
21.2401,1.268
21.2566,1.274
21.2730,1.354
21.2895,1.433
21.3059,1.433
21.3224,1.433
21.3388,1.433
21.3553,1.433
21.3717,1.433
21.3882,1.433
21.4046,1.433
21.4211,1.433
21.4375,1.433
21.4539,1.433
21.4704,1.433
21.4868,1.433
21.5033,1.439
21.5197,1.439
21.5362,1.439
21.5526,1.439
21.5691,1.439
21.5855,1.439
21.6020,1.439
21.6184,1.439
21.6349,1.439
21.6513,1.439
21.6678,1.500
21.6842,1.506
21.7007,1.567
21.7171,1.567
21.7336,1.567
21.7500,1.561
21.7664,1.561
21.7829,1.561
21.7993,1.561
21.8158,1.561
21.8322,1.561
21.8487,1.561
21.8651,1.561
21.8816,1.561
21.8980,1.616
21.9145,1.622
21.9309,1.677
21.9474,1.677
21.9638,1.677
21.9803,1.677
21.9967,1.677
22.0132,1.677
22.0296,1.677
22.0461,1.677
22.0625,1.671
22.0789,1.671
22.0954,1.671
22.1118,1.671
22.1283,1.671
22.1447,1.671
22.1612,1.671
22.1776,1.671
22.1941,1.671
22.2105,1.671
22.2270,1.671
22.2434,1.665
22.2599,1.665
22.2763,1.665
22.2928,1.665
22.3092,1.713
22.3257,1.732
22.3421,1.774
22.3586,1.774
22.3750,1.768
22.3914,1.768
22.4079,1.768
22.4243,1.768
22.4408,1.762
22.4572,1.762
22.4737,1.762
22.4901,1.762
22.5066,1.762
22.5230,1.756
22.5395,1.756
22.5559,1.756
22.5724,1.756
22.5888,1.793
22.6053,1.817
22.6217,1.872
22.6382,1.872
22.6546,1.872
22.6711,1.866
22.6875,1.866
22.7039,1.866
22.7204,1.866
22.7368,1.860
22.7533,1.860
22.7697,1.860
22.7862,1.860
22.8026,1.860
22.8191,1.854
22.8355,1.854
22.8520,1.854
22.8684,1.854
22.8849,1.848
22.9013,1.848
22.9178,1.848
22.9342,1.848
22.9507,1.848
22.9671,1.848
22.9836,1.841
23.0000,1.841
23.0164,1.841
23.0329,1.841
23.0493,1.835
23.0658,1.835
23.0822,1.835
23.0987,1.835
23.1151,1.835
23.1316,1.829
23.1480,1.829
23.1645,1.829
23.1809,1.829
23.1974,1.823
23.2138,1.823
23.2303,1.823
23.2467,1.823
23.2632,1.823
23.2796,1.817
23.2961,1.817
23.3125,1.817
23.3289,1.817
23.3454,1.811
23.3618,1.841
23.3783,1.860
23.3947,1.884
23.4112,1.878
23.4276,1.878
23.4441,1.878
23.4605,1.878
23.4770,1.878
23.4934,1.878
23.5099,1.878
23.5263,1.872
23.5428,1.872
23.5592,1.872
23.5757,1.872
23.5921,1.872
23.6086,1.872
23.6250,1.872
23.6414,1.872
23.6579,1.872
23.6743,1.866
23.6908,1.866
23.7072,1.866
23.7237,1.866
23.7401,1.866
23.7566,1.866
23.7730,1.872
23.7895,1.896
23.8059,1.921
23.8224,1.921
23.8388,1.921
23.8553,1.921
23.8717,1.921
23.8882,1.921
23.9046,1.921
23.9211,1.915
23.9375,1.915
23.9539,1.915
23.9704,1.915
23.9868,1.909
24.0033,1.909
24.0197,1.909
24.0362,1.909
24.0526,1.909
24.0691,1.902
24.0855,1.902
24.1020,1.902
24.1184,1.902
24.1349,1.896
24.1513,1.896
24.1678,1.896
24.1842,1.896
24.2007,1.896
24.2171,1.896
24.2336,1.890
24.2500,1.890
24.2664,1.890
24.2829,1.890
24.2993,1.884
24.3158,1.921
24.3322,1.963
24.3487,2.006
24.3651,2.049
24.3816,2.049
24.3980,2.049
24.4145,2.049
24.4309,2.049
24.4474,2.049
24.4638,2.043
24.4803,2.043
24.4967,2.043
24.5132,2.043
24.5296,2.043
24.5461,2.043
24.5625,2.043
24.5789,2.043
24.5954,2.043
24.6118,2.079
24.6283,2.116
24.6447,2.116
24.6612,2.116
24.6776,2.116
24.6941,2.110
24.7105,2.110
24.7270,2.110
24.7434,2.110
24.7599,2.104
24.7763,2.104
24.7928,2.104
24.8092,2.104
24.8257,2.104
24.8421,2.146
24.8586,2.189
24.8750,2.189
24.8914,2.189
24.9079,2.183
24.9243,2.183
24.9408,2.183
24.9572,2.177
24.9737,2.177
24.9901,2.177
25.0066,2.177
25.0230,2.177
25.0395,2.171
25.0559,2.171
25.0724,2.171
25.0888,2.171
25.1053,2.165
25.1217,2.165
25.1382,2.165
25.1546,2.165
25.1711,2.165
25.1875,2.159
25.2039,2.159
25.2204,2.159
25.2368,2.152
25.2533,2.152
25.2697,2.152
25.2862,2.152
25.3026,2.152
25.3191,2.152
25.3355,2.146
25.3520,2.146
25.3684,2.146
25.3849,2.140
25.4013,2.140
25.4178,2.140
25.4342,2.140
25.4507,2.140
25.4671,2.134
25.4836,2.134
25.5000,2.134
25.5164,2.134
25.5329,2.128
25.5493,2.128
25.5658,2.128
25.5822,2.128
25.5987,2.128
25.6151,2.122
25.6316,2.122
25.6480,2.122
25.6645,2.122
25.6809,2.116
25.6974,2.116
25.7138,2.116
25.7303,2.116
25.7467,2.116
25.7632,2.110
25.7796,2.110
25.7961,2.110
25.8125,2.110
25.8289,2.104
25.8454,2.104
25.8618,2.104
25.8783,2.104
25.8947,2.104
25.9112,2.104
25.9276,2.098
25.9441,2.098
25.9605,2.098
25.9770,2.098
25.9934,2.091
26.0099,2.091
26.0263,2.091
26.0428,2.091
26.0592,2.091
26.0757,2.085
26.0921,2.085
26.1086,2.085
26.1250,2.085
26.1414,2.079
26.1579,2.122
26.1743,2.140
26.1908,2.189
26.2072,2.189
26.2237,2.189
26.2401,2.189
26.2566,2.189
26.2730,2.183
26.2895,2.183
26.3059,2.183
26.3224,2.183
26.3388,2.177
26.3553,2.177
26.3717,2.177
26.3882,2.177
26.4046,2.177
26.4211,2.171
26.4375,2.171
26.4539,2.171
26.4704,2.171
26.4868,2.165
26.5033,2.165
26.5197,2.165
26.5362,2.213
26.5526,2.220
26.5691,2.268
26.5855,2.268
26.6020,2.268
26.6184,2.262
26.6349,2.262
26.6513,2.262
26.6678,2.311
26.6842,2.311
26.7007,2.360
26.7171,2.366
26.7336,2.360
26.7500,2.360
26.7664,2.360
26.7829,2.360
26.7993,2.360
26.8158,2.360
26.8322,2.360
26.8487,2.360
26.8651,2.360
26.8816,2.360
26.8980,2.360
26.9145,2.360
26.9309,2.354
26.9474,2.354
26.9638,2.354
26.9803,2.354
26.9967,2.354
27.0132,2.354
27.0296,2.354
27.0461,2.354
27.0625,2.354
27.0789,2.348
27.0954,2.348
27.1118,2.348
27.1283,2.348
27.1447,2.348
27.1612,2.348
27.1776,2.348
27.1941,2.348
27.2105,2.348
27.2270,2.348
27.2434,2.348
27.2599,2.341
27.2763,2.341
27.2928,2.341
27.3092,2.341
27.3257,2.341
27.3421,2.341
27.3586,2.341
27.3750,2.341
27.3914,2.372
27.4079,2.384
27.4243,2.439
27.4408,2.457
27.4572,2.457
27.4737,2.463
27.4901,2.463
27.5066,2.457
27.5230,2.457
27.5395,2.457
27.5559,2.457
27.5724,2.457
27.5888,2.457
27.6053,2.451
27.6217,2.451
27.6382,2.451
27.6546,2.451
27.6711,2.445
27.6875,2.445
27.7039,2.445
27.7204,2.445
27.7368,2.445
27.7533,2.439
27.7697,2.439
27.7862,2.439
27.8026,2.439
27.8191,2.433
27.8355,2.433
27.8520,2.433
27.8684,2.433
27.8849,2.433
27.9013,2.433
27.9178,2.433
27.9342,2.427
27.9507,2.427
