# IFA-716.1 rod 1, BISON centre temperature at the thermocouple (black
# line of Fig. 15 of CASL-U-2019-1870-000 Rev. 0), for the check of the
# calibration against the text (BISON is about 100 K below the data).
time_days,temperature_K
3.454,1189.2
4.605,1194.9
5.757,1200.6
6.908,1207.7
8.059,1213.4
9.211,1219.1
10.362,1224.8
11.513,1230.5
12.664,1237.6
13.816,1243.3
14.967,1249.0
16.118,1256.1
17.270,1261.8
18.421,1347.2
19.572,880.5
20.724,957.3
21.875,1278.9
23.026,1338.6
24.178,958.7
25.329,881.9
26.480,1190.7
27.632,1197.8
28.783,1204.9
29.934,1212.0
31.086,1219.1
32.237,1226.2
33.388,1233.3
34.539,1240.4
35.691,1247.6
36.842,1254.7
37.993,890.4
39.145,883.3
40.296,1247.6
42.599,1244.7
43.750,1244.7
44.901,1244.7
46.053,1244.7
47.204,1244.7
49.507,1241.9
50.658,1241.9
51.809,1241.9
52.961,1241.9
54.112,1241.9
55.263,1241.9
57.566,1239.0
58.717,1239.0
59.868,1239.0
61.020,1239.0
62.171,1239.0
64.474,1236.2
65.625,1236.2
66.776,1236.2
67.928,1236.2
69.079,1236.2
70.230,1236.2
72.533,1233.3
73.684,843.5
74.836,1210.6
75.987,1226.2
77.138,1237.6
78.289,916.1
79.441,936.0
80.592,1219.1
81.743,843.5
82.895,854.9
84.046,1251.8
85.197,1250.4
86.349,1250.4
87.500,1247.6
88.651,1247.6
89.803,1244.7
90.954,1244.7
92.105,1244.7
93.257,1241.9
94.408,1241.9
95.559,853.5
96.711,836.4
97.862,1202.0
99.013,1202.0
100.164,1202.0
101.316,1202.0
102.467,1202.0
103.618,1202.0
104.770,1202.0
107.072,1204.9
108.224,1204.9
109.375,1204.9
110.526,1204.9
111.678,1204.9
112.829,1204.9
113.980,1204.9
116.283,1207.7
117.434,1207.7
118.586,1207.7
119.737,1207.7
120.888,849.2
122.039,1085.4
123.191,1313.0
124.342,1314.4
125.493,1315.9
126.645,1318.7
127.796,1321.5
128.947,904.7
130.099,897.6
131.250,1307.3
132.401,1304.5
133.553,1303.0
134.704,1301.6
135.855,1298.8
137.007,1295.9
138.158,1294.5
139.309,1293.1
140.461,1290.2
141.612,1288.8
142.763,1287.4
143.914,1284.6
145.066,1281.7
146.217,1280.3
147.368,1278.9
148.520,1276.0
149.671,1273.2
150.822,1273.2
151.974,1270.3
153.125,1267.5
154.276,916.1
155.428,1250.4
156.579,1250.4
157.730,1250.4
158.882,1250.4
160.033,872.0
161.184,846.3
162.336,1024.2
163.487,1049.8
164.638,1074.0
165.789,1101.0
166.941,1126.6
168.092,1152.2
169.243,1177.8
170.395,1203.5
171.546,1229.1
172.697,1254.7
173.849,869.1
175.000,860.6
176.151,887.6
177.303,1196.3
178.454,1213.4
179.605,1227.6
180.757,1243.3
181.908,1258.9
183.059,1270.3
184.211,874.8
185.362,1230.5
186.513,1237.6
187.664,1244.7
188.816,1251.8
189.967,1258.9
191.118,1266.1
192.270,908.9
193.421,1258.9
194.572,1258.9
195.724,1261.8
196.875,1261.8
198.026,1264.6
199.178,1264.6
200.329,1267.5
201.480,856.3
202.632,856.3
203.783,1244.7
204.934,1243.3
206.086,1241.9
207.237,1239.0
208.388,1237.6
209.539,1236.2
210.691,1233.3
211.842,1231.9
212.993,1230.5
214.145,1227.6
215.296,1227.6
216.447,1224.8
217.599,1222.0
218.750,1222.0
219.901,1219.1
221.053,1216.3
222.204,1216.3
223.355,1213.4
224.507,1210.6
225.658,1210.6
226.809,1207.7
227.961,1206.3
229.112,1204.9
230.263,1202.0
231.414,1202.0
232.566,1199.2
233.717,1196.3
234.868,1196.3
236.020,1193.5
237.171,1192.1
238.322,1190.7
239.474,1187.8
240.625,1186.4
241.776,887.6
242.928,1202.0
244.079,1199.2
245.230,1194.9
246.382,1192.1
247.533,1189.2
248.684,1185.0
249.836,1182.1
250.987,1177.8
252.138,1175.0
253.289,1172.2
254.441,1167.9
255.592,1165.0
256.743,1160.8
257.895,1157.9
259.046,1153.7
260.197,1150.8
261.349,864.8
262.500,1160.8
263.651,1162.2
264.803,1165.0
265.954,1165.0
267.105,1167.9
268.257,1167.9
269.408,1170.7
270.559,1170.7
271.711,1170.7
272.862,815.0
274.013,799.4
275.164,1139.4
276.316,1139.4
277.467,1139.4
278.618,1139.4
279.770,1139.4
280.921,1139.4
282.072,1139.4
283.224,1139.4
284.375,1139.4
288.980,1136.6
290.132,1136.6
291.283,1136.6
292.434,1136.6
293.586,1136.6
294.737,1136.6
295.888,1136.6
297.039,1136.6
298.191,1136.6
299.342,1136.6
300.493,1136.6
301.645,1136.6
302.796,1136.6
303.947,1136.6
305.099,1136.6
306.250,889.0
307.401,679.9
308.553,920.3
309.704,1136.6
310.855,1136.6
312.007,1133.7
313.158,1133.7
314.309,1133.7
315.461,1133.7
316.612,1130.9
317.763,835.0
318.914,1203.5
320.066,1185.0
321.217,876.2
322.368,873.4
323.520,1167.9
324.671,1170.7
325.822,1173.6
326.974,1173.6
328.125,1176.4
329.276,1177.8
330.428,1179.3
331.579,1182.1
332.730,1183.5
333.882,886.2
335.033,1189.2
336.184,1180.7
337.336,1170.7
338.487,1159.3
339.638,1150.8
340.789,1143.7
341.941,1149.4
343.092,1166.5
344.243,815.0
345.395,1047.0
346.546,1064.0
347.697,1079.7
348.849,1096.7
350.000,1111.0
351.151,1128.0
352.303,1145.1
353.454,1157.9
354.605,864.8
355.757,1118.1
356.908,1122.4
358.059,1125.2
359.211,1128.0
360.362,1130.9
361.513,1133.7
362.664,1138.0
363.816,805.1
364.967,1076.8
366.118,1129.5
367.270,1125.2
368.421,1122.4
369.572,1118.1
370.724,827.8
371.875,827.8
373.026,795.1
374.178,1120.9
375.329,1118.1
376.480,1112.4
377.632,1108.1
378.783,829.3
379.934,1111.0
381.086,1111.0
382.237,1111.0
383.388,1108.1
384.539,1108.1
385.691,1108.1
386.842,1105.3
387.993,1105.3
389.145,1105.3
390.296,1102.4
391.447,1102.4
392.599,1102.4
393.750,1099.6
394.901,1099.6
396.053,1099.6
397.204,1096.7
398.355,1096.7
399.507,1096.7
400.658,1093.9
401.809,1093.9
402.961,1093.9
404.112,1091.1
405.263,1091.1
406.414,1091.1
408.717,1088.2
409.868,1088.2
412.171,1085.4
413.322,810.8
414.474,812.2
415.625,1086.8
416.776,1083.9
417.928,1081.1
419.079,1076.8
420.230,1074.0
421.382,1071.1
422.533,1145.1
423.684,849.2
424.836,1140.9
425.987,1138.0
427.138,1133.7
428.289,1129.5
429.441,1126.6
430.592,1122.4
431.743,1118.1
432.895,1113.8
434.046,1109.6
435.197,1106.7
436.349,1102.4
437.500,1098.2
438.651,1095.3
439.803,803.7
440.954,642.9
442.105,761.0
443.257,712.6
444.408,763.8
445.559,1089.6
446.711,1119.5
447.862,1142.3
449.013,1160.8
450.164,864.8
451.316,1203.5
452.467,1207.7
453.618,1212.0
454.770,1214.8
455.921,1219.1
457.072,1222.0
458.224,1224.8
459.375,1229.1
460.526,1231.9
461.678,1234.8
462.829,1237.6
463.980,1241.9
465.132,1244.7
466.283,1247.6
467.434,1250.4
468.586,1253.3
469.737,1256.1
470.888,1258.9
472.039,1261.8
473.191,1264.6
474.342,1267.5
475.493,1270.3
476.645,1273.2
477.796,1276.0
478.947,860.6
480.099,844.9
481.250,1247.6
482.401,1247.6
483.553,1250.4
484.704,1250.4
485.855,1253.3
487.007,832.1
488.158,822.2
489.309,1236.2
490.461,1243.3
491.612,896.1
492.763,896.1
493.914,1239.0
495.066,1236.2
496.217,1236.2
497.368,1233.3
498.520,1233.3
499.671,1231.9
500.822,819.3
501.974,1227.6
503.125,1234.8
504.276,1240.4
505.428,1246.1
506.579,866.3
507.730,830.7
508.882,1139.4
510.033,1139.4
511.184,1139.4
512.336,1139.4
513.487,1142.3
514.638,1142.3
515.789,1142.3
516.941,1142.3
518.092,1142.3
519.243,1145.1
520.395,1145.1
521.546,1145.1
522.697,1145.1
523.849,1145.1
525.000,881.9
526.151,1153.7
527.303,1149.4
528.454,1146.5
529.605,1142.3
530.757,1138.0
531.908,1135.2
533.059,1130.9
534.211,780.9
535.362,790.9
536.513,1149.4
537.664,1150.8
539.967,1153.7
541.118,1153.7
542.270,1153.7
544.572,1156.5
545.724,1156.5
546.875,785.2
548.026,786.6
549.178,654.3
550.329,640.0
551.480,625.8
552.632,613.0
553.783,600.2
554.934,586.0
556.086,570.3
557.237,748.2
558.388,1025.6
559.539,1167.9
560.691,1160.8
561.842,844.9
562.993,1088.2
564.145,1157.9
565.296,1163.6
566.447,863.4
567.599,866.3
568.750,1176.4
572.204,1179.3
573.355,1179.3
574.507,1179.3
575.658,1179.3
576.809,1179.3
577.961,1182.1
579.112,1182.1
580.263,1182.1
581.414,1182.1
582.566,1185.0
583.717,1185.0
584.868,1185.0
586.020,1185.0
587.171,1187.8
588.322,1187.8
589.474,1187.8
590.625,1187.8
591.776,1190.7
592.928,1190.7
594.079,1190.7
595.230,823.6
596.382,1180.7
597.533,1182.1
598.684,1182.1
599.836,1185.0
600.987,1185.0
602.138,1187.8
603.289,864.8
604.441,1176.4
605.592,1182.1
606.743,856.3
607.895,1166.5
609.046,1160.8
610.197,1155.1
611.349,1149.4
612.500,1143.7
613.651,1140.9
614.803,1135.2
615.954,1129.5
617.105,1123.8
618.257,1119.5
619.408,1115.2
620.559,1109.6
621.711,1103.9
622.862,780.9
624.013,852.0
625.164,718.3
626.316,923.2
627.467,955.9
628.618,994.3
629.770,1027.0
630.921,1066.9
632.072,1105.3
633.224,1148.0
634.375,1186.4
635.526,1204.9
636.678,1204.9
637.829,1204.9
638.980,1204.9
640.132,1204.9
641.283,1204.9
642.434,1204.9
643.586,1204.9
644.737,1204.9
645.888,1204.9
647.039,1204.9
648.191,1204.9
655.099,1202.0
656.250,1202.0
657.401,1202.0
658.553,1202.0
659.704,1202.0
660.855,1202.0
662.007,1202.0
663.158,1202.0
664.309,1202.0
665.461,1202.0
666.612,1202.0
667.763,1202.0
668.914,1202.0
670.066,1202.0
671.217,1202.0
672.368,1202.0
673.520,1202.0
674.671,1202.0
675.822,1202.0
676.974,1202.0
678.125,1202.0
679.276,863.4
680.428,872.0
681.579,1214.8
682.730,1212.0
683.882,872.0
685.033,870.5
686.184,1204.9
687.336,1204.9
689.638,1202.0
690.789,1202.0
691.941,1202.0
693.092,1200.6
694.243,810.8
