# IFA-716.1 rod 1, measured fuel centre temperature at the thermocouple,
# digitised from the raster Fig. 15 of CASL-U-2019-1870-000 Rev. 0.
# Uppermost run of the measured trace in each pixel column.
time_days,temperature_K
3.454,1222.0
4.605,1224.8
5.757,1226.2
6.908,1229.1
8.059,1236.2
9.211,1239.0
10.362,1239.0
11.513,1257.5
12.664,1270.3
13.816,1268.9
14.967,1264.6
16.118,1276.0
17.270,1276.0
18.421,385.4
19.572,1404.1
20.724,1428.3
21.875,1433.9
23.026,1459.6
24.178,1459.6
26.480,1250.4
27.632,1293.1
28.783,1288.8
29.934,1301.6
31.086,1324.4
32.237,1310.2
33.388,1321.5
34.539,1331.5
35.691,1342.9
36.842,1341.5
37.993,1305.9
39.145,1314.4
40.296,1354.3
41.447,1361.4
42.599,1351.4
43.750,1350.0
44.901,1344.3
46.053,1324.4
47.204,1325.8
48.355,1325.8
49.507,1315.9
50.658,1315.9
51.809,1318.7
52.961,1311.6
54.112,1321.5
55.263,1323.0
56.414,1335.8
57.566,1335.8
58.717,1335.8
59.868,1335.8
61.020,1335.8
62.171,1335.8
63.322,1335.8
64.474,1335.8
65.625,1311.6
66.776,1337.2
67.928,1335.8
69.079,1335.8
70.230,1332.9
71.382,1331.5
72.533,1327.2
73.684,1283.1
74.836,1295.9
75.987,1328.7
77.138,1325.8
78.289,1303.0
79.441,1298.8
80.592,1305.9
81.743,1313.0
82.895,1315.9
84.046,1321.5
85.197,1342.9
86.349,1348.6
87.500,1360.0
88.651,1341.5
89.803,1330.1
90.954,1327.2
92.105,1338.6
93.257,1340.0
94.408,1313.0
95.559,1288.8
96.711,1277.4
97.862,1271.7
99.013,1294.5
100.164,1295.9
101.316,1297.4
102.467,1298.8
103.618,1297.4
104.770,1297.4
105.921,1288.8
107.072,1288.8
108.224,1293.1
109.375,1294.5
110.526,1300.2
111.678,1300.2
112.829,1300.2
113.980,1303.0
115.132,1295.9
116.283,1295.9
117.434,1305.9
118.586,1303.0
119.737,1300.2
120.888,428.0
122.039,1473.8
123.191,1442.5
124.342,1438.2
125.493,1446.7
126.645,1443.9
127.796,1441.1
128.947,1395.5
130.099,1392.7
131.250,1435.4
132.401,1433.9
133.553,1432.5
134.704,1428.3
135.855,1425.4
137.007,1422.6
138.158,1421.1
139.309,1365.7
140.461,1389.8
141.612,1409.8
142.763,1411.2
143.914,1409.8
145.066,1401.2
146.217,1399.8
147.368,1402.6
148.520,1398.4
149.671,1399.8
150.822,1391.3
151.974,1387.0
153.125,1385.6
154.276,1341.5
155.428,1382.7
156.579,1368.5
157.730,1362.8
158.882,1362.8
160.033,1314.4
161.184,493.5
162.336,1075.4
163.487,1112.4
164.638,1150.8
165.789,1196.3
166.941,1240.4
168.092,1280.3
169.243,1298.8
170.395,1297.4
171.546,1291.7
172.697,1317.3
173.849,1314.4
175.000,405.3
176.151,1271.7
177.303,1284.6
178.454,1340.0
179.605,1362.8
180.757,1362.8
181.908,1365.7
183.059,1365.7
184.211,1334.3
185.362,1352.8
186.513,1364.2
187.664,1371.3
188.816,1372.8
189.967,1374.2
191.118,1371.3
192.270,1327.2
193.421,1369.9
194.572,1372.8
195.724,1374.2
196.875,1377.0
198.026,1375.6
199.178,1378.5
200.329,1378.5
201.480,1351.4
202.632,1348.6
203.783,1361.4
204.934,1358.5
206.086,1354.3
207.237,1354.3
208.388,1351.4
209.539,1348.6
210.691,1351.4
211.842,1347.2
212.993,1340.0
214.145,1334.3
215.296,1338.6
216.447,1323.0
217.599,1331.5
218.750,1324.4
219.901,1321.5
221.053,1323.0
222.204,1323.0
223.355,1321.5
224.507,1315.9
225.658,1314.4
226.809,1313.0
227.961,1310.2
229.112,1305.9
230.263,1313.0
231.414,1311.6
232.566,1297.4
233.717,1301.6
234.868,1301.6
236.020,1297.4
237.171,1297.4
238.322,1295.9
239.474,1294.5
240.625,1294.5
241.776,1257.5
242.928,1286.0
244.079,1300.2
245.230,1300.2
246.382,1298.8
247.533,1300.2
248.684,1298.8
249.836,1295.9
250.987,1293.1
252.138,1293.1
253.289,1286.0
254.441,1286.0
255.592,1250.4
256.743,1233.3
257.895,1244.7
259.046,1250.4
260.197,1251.8
261.349,1222.0
262.500,1222.0
263.651,1263.2
264.803,1267.5
265.954,1266.1
267.105,1266.1
268.257,1264.6
269.408,1266.1
270.559,1270.3
271.711,1268.9
272.862,1249.0
274.013,1243.3
275.164,1253.3
276.316,1258.9
277.467,1254.7
278.618,1244.7
279.770,1233.3
280.921,1246.1
282.072,1237.6
283.224,1237.6
284.375,1237.6
285.526,1231.9
286.678,1237.6
287.829,1243.3
288.980,1234.8
290.132,1247.6
291.283,1250.4
292.434,1230.5
293.586,1247.6
294.737,1251.8
295.888,1246.1
297.039,1241.9
298.191,1241.9
299.342,1241.9
300.493,1244.7
301.645,1246.1
302.796,1247.6
303.947,1241.9
305.099,1227.6
306.250,1193.5
307.401,1163.6
308.553,1199.2
309.704,1246.1
310.855,1234.8
312.007,1234.8
313.158,1236.2
314.309,1236.2
315.461,1236.2
316.612,1237.6
317.763,1310.2
318.914,1320.1
320.066,1246.1
321.217,1240.4
322.368,1231.9
323.520,1243.3
324.671,1254.7
325.822,1251.8
326.974,1249.0
328.125,1250.4
329.276,1274.6
330.428,1278.9
331.579,1274.6
332.730,1261.8
333.882,1258.9
335.033,1278.9
336.184,1266.1
337.336,1250.4
338.487,1249.0
339.638,1243.3
340.789,1203.5
341.941,1213.4
343.092,1261.8
344.243,1231.9
345.395,1148.0
346.546,1202.0
347.697,1206.3
348.849,1231.9
350.000,1216.3
351.151,1227.6
352.303,1227.6
353.454,1222.0
354.605,1209.1
355.757,1216.3
356.908,1227.6
358.059,1224.8
359.211,1224.8
360.362,1222.0
361.513,1219.1
362.664,1223.4
363.816,1196.3
364.967,1237.6
366.118,1220.5
367.270,1213.4
368.421,1216.3
369.572,1210.6
370.724,1170.7
371.875,1175.0
373.026,1182.1
374.178,1213.4
375.329,1209.1
376.480,1199.2
377.632,1200.6
378.783,1160.8
379.934,1199.2
381.086,1200.6
382.237,1199.2
383.388,1202.0
384.539,1200.6
385.691,1193.5
386.842,1192.1
387.993,1200.6
389.145,1197.8
390.296,1190.7
391.447,1190.7
392.599,1190.7
393.750,1189.2
394.901,1194.9
396.053,1186.4
397.204,1187.8
398.355,1190.7
399.507,1189.2
400.658,1189.2
401.809,1186.4
402.961,1183.5
404.112,1183.5
405.263,1182.1
406.414,1180.7
407.566,1175.0
408.717,1173.6
409.868,1172.2
411.020,1169.3
412.171,1169.3
413.322,1167.9
414.474,1153.7
415.625,1173.6
416.776,1165.0
417.928,1166.5
419.079,1166.5
420.230,1157.9
421.382,1155.1
422.533,1189.2
423.684,1175.0
424.836,1203.5
425.987,1234.8
427.138,1241.9
428.289,1230.5
429.441,1256.1
430.592,1267.5
431.743,1234.8
432.895,1233.3
434.046,1230.5
435.197,1166.5
436.349,1166.5
437.500,1165.0
438.651,1177.8
439.803,1143.7
440.954,439.4
443.257,408.1
444.408,1115.2
445.559,1217.7
446.711,1220.5
447.862,1227.6
449.013,1233.3
450.164,1233.3
451.316,1257.5
452.467,1263.2
453.618,1263.2
454.770,1277.4
455.921,1294.5
457.072,1307.3
458.224,1307.3
459.375,1325.8
460.526,1338.6
461.678,1344.3
462.829,1347.2
463.980,1350.0
465.132,1352.8
466.283,1348.6
467.434,1335.8
468.586,1344.3
469.737,1348.6
470.888,1341.5
472.039,1340.0
473.191,1352.8
474.342,1345.7
475.493,1348.6
476.645,1342.9
477.796,1342.9
478.947,1328.7
480.099,1334.3
481.250,1330.1
482.401,1347.2
483.553,1344.3
484.704,1341.5
485.855,1338.6
487.007,1310.2
488.158,1313.0
489.309,1347.2
490.461,1341.5
491.612,1308.7
492.763,1307.3
493.914,1327.2
495.066,1330.1
496.217,1325.8
497.368,1324.4
498.520,1325.8
499.671,1332.9
500.822,1291.7
501.974,1323.0
503.125,1325.8
504.276,1337.2
505.428,1335.8
506.579,1303.0
507.730,1167.9
508.882,1278.9
510.033,1261.8
511.184,1240.4
512.336,1231.9
513.487,1222.0
514.638,1229.1
515.789,1222.0
516.941,1222.0
518.092,1244.7
519.243,1212.0
520.395,1213.4
521.546,1237.6
522.697,1241.9
523.849,1250.4
525.000,1222.0
526.151,1250.4
527.303,1239.0
528.454,1233.3
529.605,1236.2
530.757,1231.9
531.908,1226.2
533.059,1229.1
534.211,1192.1
535.362,1200.6
536.513,1226.2
537.664,1233.3
538.816,1260.4
539.967,1263.2
541.118,1251.8
542.270,1253.3
543.421,1254.7
544.572,1253.3
545.724,1250.4
546.875,1207.7
548.026,389.6
549.178,1076.8
550.329,1112.4
551.480,1109.6
552.632,1128.0
553.783,1162.2
554.934,1207.7
556.086,1220.5
557.237,1300.2
558.388,1274.6
559.539,1250.4
560.691,1250.4
561.842,1216.3
562.993,1244.7
564.145,1253.3
565.296,1260.4
566.447,1229.1
567.599,1236.2
568.750,1264.6
569.901,1271.7
571.053,1278.9
572.204,1273.2
573.355,1276.0
574.507,1276.0
575.658,1274.6
576.809,1278.9
577.961,1278.9
579.112,1278.9
580.263,1280.3
581.414,1277.4
582.566,1280.3
583.717,1274.6
584.868,1271.7
586.020,1267.5
587.171,1277.4
588.322,1281.7
589.474,1281.7
590.625,1277.4
591.776,1276.0
592.928,1277.4
594.079,1276.0
595.230,1243.3
596.382,1267.5
597.533,1273.2
598.684,1276.0
599.836,1278.9
600.987,1276.0
602.138,1273.2
603.289,1239.0
604.441,1257.5
605.592,1263.2
606.743,1241.9
607.895,1256.1
609.046,1241.9
610.197,1241.9
611.349,1239.0
612.500,1223.4
613.651,1207.7
614.803,1199.2
615.954,1203.5
617.105,1204.9
618.257,1177.8
619.408,1189.2
620.559,1207.7
621.711,1212.0
622.862,1175.0
624.013,1167.9
625.164,1052.6
626.316,1002.8
627.467,1012.8
628.618,1058.3
629.770,1111.0
630.921,1226.2
632.072,1196.3
633.224,1214.8
634.375,1253.3
635.526,1260.4
636.678,1261.8
637.829,1286.0
638.980,1283.1
640.132,1283.1
641.283,1278.9
642.434,1274.6
643.586,1274.6
644.737,1280.3
645.888,1277.4
647.039,1271.7
648.191,1273.2
649.342,1271.7
650.493,1267.5
651.645,1261.8
652.796,1258.9
653.947,1258.9
655.099,1253.3
656.250,1250.4
657.401,1243.3
658.553,1250.4
659.704,1243.3
660.855,1244.7
662.007,1251.8
663.158,1254.7
664.309,1254.7
665.461,1253.3
666.612,1254.7
667.763,1258.9
668.914,1250.4
670.066,1253.3
671.217,1256.1
672.368,1283.1
673.520,1278.9
674.671,1276.0
675.822,1277.4
676.974,1280.3
678.125,1271.7
679.276,1268.9
680.428,1266.1
681.579,1283.1
682.730,1270.3
683.882,1247.6
685.033,1241.9
686.184,1261.8
687.336,1260.4
688.487,1254.7
689.638,1257.5
690.789,1254.7
691.941,1258.9
693.092,1258.9
694.243,1258.9
