method,divisions_per_assembly,unknowns,k_effective,k_error_pcm,max_power_error_percent,rms_power_error_percent,seconds
fem,2,552,1.031092,150.2,32.74,15.04,0.09
fem,4,2066,1.029849,25.9,8.38,3.84,0.02
fem,8,7986,1.029645,5.5,2.18,1.00,0.09
fem,16,31394,1.029602,1.2,0.61,0.27,0.49
fem,32,124482,1.029592,0.2,0.22,0.09,2.58
dmcdm,2,552,1.032363,277.3,50.39,22.86,0.01
dmcdm,4,2066,1.030058,46.8,12.39,5.70,0.03
dmcdm,8,7986,1.029689,9.9,3.21,1.47,0.11
dmcdm,16,31394,1.029612,2.2,0.87,0.39,0.55
dmcdm,32,124482,1.029594,0.4,0.29,0.12,2.75
hfvm,2,552,1.032185,259.5,50.37,22.88,0.01
hfvm,4,2066,1.030025,43.5,12.91,5.88,0.03
hfvm,8,7986,1.029680,9.0,3.39,1.54,0.12
hfvm,16,31394,1.029610,2.0,0.92,0.41,0.56
hfvm,32,124482,1.029594,0.4,0.30,0.13,2.99
zfvm,2,618,1.029650,6.0,23.33,10.74,0.01
zfvm,4,2200,1.029240,-35.0,13.88,6.43,0.03
zfvm,8,8256,1.029434,-15.6,5.17,2.39,0.15
zfvm,16,31936,1.029544,-4.6,1.44,0.66,0.76
zfvm,32,125568,1.029577,-1.3,0.34,0.15,4.50
